date,datetime,orbitProperties_pass,platform_number,relativeOrbitNumber_start,scene_id,sensor,aoi_id,event_id,window,CLOUDY_PIXEL_PERCENTAGE
2018-07-12,2018-07-12T21:35:56,DESCENDING,B,32.0,S1B_IW_GRDH_1SDV_20180712T213556_20180712T213621_011783_015ADC_9A80,sentinel1,blagoveshchensk,baseline_2018_09_low,pre,
2018-07-12,2018-07-12T21:36:21,DESCENDING,B,32.0,S1B_IW_GRDH_1SDV_20180712T213621_20180712T213646_011783_015ADC_4AAF,sentinel1,blagoveshchensk,baseline_2018_09_low,pre,
2018-07-17,2018-07-17T21:44:26,DESCENDING,B,105.0,S1B_IW_GRDH_1SDV_20180717T214426_20180717T214451_011856_015D29_38E9,sentinel1,blagoveshchensk,baseline_2018_09_low,pre,
2018-07-24,2018-07-24T21:35:57,DESCENDING,B,32.0,S1B_IW_GRDH_1SDV_20180724T213557_20180724T213622_011958_016030_1466,sentinel1,blagoveshchensk,baseline_2018_09_low,pre,
2018-07-24,2018-07-24T21:36:22,DESCENDING,B,32.0,S1B_IW_GRDH_1SDV_20180724T213622_20180724T213647_011958_016030_24DA,sentinel1,blagoveshchensk,baseline_2018_09_low,pre,
2018-07-29,2018-07-29T21:44:26,DESCENDING,B,105.0,S1B_IW_GRDH_1SDV_20180729T214426_20180729T214451_012031_01626D_C36B,sentinel1,blagoveshchensk,baseline_2018_09_low,pre,
2018-09-15,2018-09-15T21:44:29,DESCENDING,B,105.0,S1B_IW_GRDH_1SDV_20180915T214429_20180915T214454_012731_0177FD_10BD,sentinel1,blagoveshchensk,baseline_2018_09_low,peak,
2018-09-08,2018-09-08T02:33:44,,,,20180908T022551_20180908T023121_T52UCA,sentinel2,blagoveshchensk,baseline_2018_09_low,peak,0.565035
2018-09-08,2018-09-08T02:33:49,,,,20180908T022551_20180908T023121_T51UYR,sentinel2,blagoveshchensk,baseline_2018_09_low,peak,0.003703
2018-10-04,2018-10-04T21:36:01,DESCENDING,B,32.0,S1B_IW_GRDH_1SDV_20181004T213601_20181004T213626_013008_018070_D2E9,sentinel1,blagoveshchensk,baseline_2018_09_low,post,
2018-10-04,2018-10-04T21:36:26,DESCENDING,B,32.0,S1B_IW_GRDH_1SDV_20181004T213626_20181004T213651_013008_018070_1DE4,sentinel1,blagoveshchensk,baseline_2018_09_low,post,
2018-10-09,2018-10-09T21:44:29,DESCENDING,B,105.0,S1B_IW_GRDH_1SDV_20181009T214429_20181009T214454_013081_0182B5_C68C,sentinel1,blagoveshchensk,baseline_2018_09_low,post,
2018-10-16,2018-10-16T21:36:01,DESCENDING,B,32.0,S1B_IW_GRDH_1SDV_20181016T213601_20181016T213626_013183_0185CB_1689,sentinel1,blagoveshchensk,baseline_2018_09_low,post,
2018-10-16,2018-10-16T21:36:26,DESCENDING,B,32.0,S1B_IW_GRDH_1SDV_20181016T213626_20181016T213651_013183_0185CB_B56D,sentinel1,blagoveshchensk,baseline_2018_09_low,post,
2018-10-01,2018-10-01T02:43:27,,,,20181001T023551_20181001T024128_T52UCB,sentinel2,blagoveshchensk,baseline_2018_09_low,post,0.000179
2018-10-01,2018-10-01T02:43:28,,,,20181001T023551_20181001T024128_T51UYS,sentinel2,blagoveshchensk,baseline_2018_09_low,post,0.000156
2018-10-01,2018-10-01T02:43:36,,,,20181001T023551_20181001T024128_T52UDA,sentinel2,blagoveshchensk,baseline_2018_09_low,post,3.6e-05
2018-10-01,2018-10-01T02:43:41,,,,20181001T023551_20181001T024128_T52UCA,sentinel2,blagoveshchensk,baseline_2018_09_low,post,0.000464
2018-10-01,2018-10-01T02:43:43,,,,20181001T023551_20181001T024128_T51UYR,sentinel2,blagoveshchensk,baseline_2018_09_low,post,3.3e-05
2018-10-03,2018-10-03T02:33:38,,,,20181003T022549_20181003T023123_T52UDA,sentinel2,blagoveshchensk,baseline_2018_09_low,post,0.000116
2018-10-03,2018-10-03T02:33:42,,,,20181003T022549_20181003T023123_T52UCA,sentinel2,blagoveshchensk,baseline_2018_09_low,post,0.00313
2018-10-03,2018-10-03T02:33:47,,,,20181003T022549_20181003T023123_T51UYR,sentinel2,blagoveshchensk,baseline_2018_09_low,post,6.1e-05
2018-10-11,2018-10-11T02:43:27,,,,20181011T023621_20181011T024203_T52UCB,sentinel2,blagoveshchensk,baseline_2018_09_low,post,0.016009
2018-10-11,2018-10-11T02:43:29,,,,20181011T023621_20181011T024203_T51UYS,sentinel2,blagoveshchensk,baseline_2018_09_low,post,0.172375
2018-10-11,2018-10-11T02:43:36,,,,20181011T023621_20181011T024203_T52UDA,sentinel2,blagoveshchensk,baseline_2018_09_low,post,7.2e-05
2018-10-16,2018-10-16T02:43:27,,,,20181016T023659_20181016T024243_T52UCB,sentinel2,blagoveshchensk,baseline_2018_09_low,post,1.994277
2018-10-16,2018-10-16T02:43:29,,,,20181016T023659_20181016T024243_T51UYS,sentinel2,blagoveshchensk,baseline_2018_09_low,post,0.134485
2018-10-16,2018-10-16T02:43:41,,,,20181016T023659_20181016T024243_T52UCA,sentinel2,blagoveshchensk,baseline_2018_09_low,post,2.11859
2018-10-16,2018-10-16T02:43:43,,,,20181016T023659_20181016T024243_T51UYR,sentinel2,blagoveshchensk,baseline_2018_09_low,post,0.009582
2018-07-12,2018-07-12T21:35:56,DESCENDING,B,32.0,S1B_IW_GRDH_1SDV_20180712T213556_20180712T213621_011783_015ADC_9A80,sentinel1,svobodny,baseline_2018_09_low,pre,
2018-07-17,2018-07-17T21:44:01,DESCENDING,B,105.0,S1B_IW_GRDH_1SDV_20180717T214401_20180717T214426_011856_015D29_471D,sentinel1,svobodny,baseline_2018_09_low,pre,
2018-07-24,2018-07-24T21:35:57,DESCENDING,B,32.0,S1B_IW_GRDH_1SDV_20180724T213557_20180724T213622_011958_016030_1466,sentinel1,svobodny,baseline_2018_09_low,pre,
2018-07-29,2018-07-29T21:44:01,DESCENDING,B,105.0,S1B_IW_GRDH_1SDV_20180729T214401_20180729T214426_012031_01626D_B8A2,sentinel1,svobodny,baseline_2018_09_low,pre,
2018-09-15,2018-09-15T21:44:04,DESCENDING,B,105.0,S1B_IW_GRDH_1SDV_20180915T214404_20180915T214429_012731_0177FD_712F,sentinel1,svobodny,baseline_2018_09_low,peak,
2018-10-04,2018-10-04T21:36:01,DESCENDING,B,32.0,S1B_IW_GRDH_1SDV_20181004T213601_20181004T213626_013008_018070_D2E9,sentinel1,svobodny,baseline_2018_09_low,post,
2018-10-09,2018-10-09T21:44:04,DESCENDING,B,105.0,S1B_IW_GRDH_1SDV_20181009T214404_20181009T214429_013081_0182B5_F414,sentinel1,svobodny,baseline_2018_09_low,post,
2018-10-16,2018-10-16T21:36:01,DESCENDING,B,32.0,S1B_IW_GRDH_1SDV_20181016T213601_20181016T213626_013183_0185CB_1689,sentinel1,svobodny,baseline_2018_09_low,post,
2018-10-01,2018-10-01T02:43:08,,,,20181001T023551_20181001T024128_T52UDC,sentinel2,svobodny,baseline_2018_09_low,post,1.415861
2018-10-01,2018-10-01T02:43:22,,,,20181001T023551_20181001T024128_T52UDB,sentinel2,svobodny,baseline_2018_09_low,post,0.000106
2018-10-03,2018-10-03T02:33:24,,,,20181003T022549_20181003T023123_T52UDB,sentinel2,svobodny,baseline_2018_09_low,post,1.839064
2018-10-11,2018-10-11T02:43:08,,,,20181011T023621_20181011T024203_T52UDC,sentinel2,svobodny,baseline_2018_09_low,post,1.227929
2018-10-11,2018-10-11T02:43:23,,,,20181011T023621_20181011T024203_T52UDB,sentinel2,svobodny,baseline_2018_09_low,post,1.243387
2018-10-16,2018-10-16T02:43:08,,,,20181016T023659_20181016T024243_T52UDC,sentinel2,svobodny,baseline_2018_09_low,post,4.618312
2018-07-12,2018-07-12T21:36:21,DESCENDING,B,32.0,S1B_IW_GRDH_1SDV_20180712T213621_20180712T213646_011783_015ADC_4AAF,sentinel1,konstantinovka,baseline_2018_09_low,pre,
2018-07-17,2018-07-17T21:44:26,DESCENDING,B,105.0,S1B_IW_GRDH_1SDV_20180717T214426_20180717T214451_011856_015D29_38E9,sentinel1,konstantinovka,baseline_2018_09_low,pre,
2018-07-24,2018-07-24T21:36:22,DESCENDING,B,32.0,S1B_IW_GRDH_1SDV_20180724T213622_20180724T213647_011958_016030_24DA,sentinel1,konstantinovka,baseline_2018_09_low,pre,
2018-07-29,2018-07-29T21:44:26,DESCENDING,B,105.0,S1B_IW_GRDH_1SDV_20180729T214426_20180729T214451_012031_01626D_C36B,sentinel1,konstantinovka,baseline_2018_09_low,pre,
2018-09-15,2018-09-15T21:44:29,DESCENDING,B,105.0,S1B_IW_GRDH_1SDV_20180915T214429_20180915T214454_012731_0177FD_10BD,sentinel1,konstantinovka,baseline_2018_09_low,peak,
2018-09-08,2018-09-08T02:33:44,,,,20180908T022551_20180908T023121_T52UCA,sentinel2,konstantinovka,baseline_2018_09_low,peak,0.565035
2018-09-08,2018-09-08T02:33:59,,,,20180908T022551_20180908T023121_T52UCV,sentinel2,konstantinovka,baseline_2018_09_low,peak,1.716702
2018-09-16,2018-09-16T02:43:45,,,,20180916T023539_20180916T023540_T52UDV,sentinel2,konstantinovka,baseline_2018_09_low,peak,3.250376
2018-09-16,2018-09-16T02:43:50,,,,20180916T023539_20180916T023540_T52UCV,sentinel2,konstantinovka,baseline_2018_09_low,peak,0.45834
2018-10-04,2018-10-04T21:36:26,DESCENDING,B,32.0,S1B_IW_GRDH_1SDV_20181004T213626_20181004T213651_013008_018070_1DE4,sentinel1,konstantinovka,baseline_2018_09_low,post,
2018-10-09,2018-10-09T21:44:29,DESCENDING,B,105.0,S1B_IW_GRDH_1SDV_20181009T214429_20181009T214454_013081_0182B5_C68C,sentinel1,konstantinovka,baseline_2018_09_low,post,
2018-10-16,2018-10-16T21:36:26,DESCENDING,B,32.0,S1B_IW_GRDH_1SDV_20181016T213626_20181016T213651_013183_0185CB_B56D,sentinel1,konstantinovka,baseline_2018_09_low,post,
2018-10-01,2018-10-01T02:43:36,,,,20181001T023551_20181001T024128_T52UDA,sentinel2,konstantinovka,baseline_2018_09_low,post,3.6e-05
2018-10-01,2018-10-01T02:43:41,,,,20181001T023551_20181001T024128_T52UCA,sentinel2,konstantinovka,baseline_2018_09_low,post,0.000464
2018-10-01,2018-10-01T02:43:50,,,,20181001T023551_20181001T024128_T52UDV,sentinel2,konstantinovka,baseline_2018_09_low,post,4.6e-05
2018-10-01,2018-10-01T02:43:55,,,,20181001T023551_20181001T024128_T52UCV,sentinel2,konstantinovka,baseline_2018_09_low,post,0.000355
2018-10-03,2018-10-03T02:33:38,,,,20181003T022549_20181003T023123_T52UDA,sentinel2,konstantinovka,baseline_2018_09_low,post,0.000116
2018-10-03,2018-10-03T02:33:42,,,,20181003T022549_20181003T023123_T52UCA,sentinel2,konstantinovka,baseline_2018_09_low,post,0.00313
2018-10-03,2018-10-03T02:33:53,,,,20181003T022549_20181003T023123_T52UDV,sentinel2,konstantinovka,baseline_2018_09_low,post,0.000133
2018-10-03,2018-10-03T02:33:56,,,,20181003T022549_20181003T023123_T52UCV,sentinel2,konstantinovka,baseline_2018_09_low,post,0.001093
2018-10-11,2018-10-11T02:43:36,,,,20181011T023621_20181011T024203_T52UDA,sentinel2,konstantinovka,baseline_2018_09_low,post,7.2e-05
2018-10-11,2018-10-11T02:43:51,,,,20181011T023621_20181011T024203_T52UDV,sentinel2,konstantinovka,baseline_2018_09_low,post,0.006579
2018-10-11,2018-10-11T02:43:56,,,,20181011T023621_20181011T024203_T52UCV,sentinel2,konstantinovka,baseline_2018_09_low,post,0.239366
2018-10-13,2018-10-13T02:33:54,,,,20181013T022629_20181013T023153_T52UDV,sentinel2,konstantinovka,baseline_2018_09_low,post,2.81078
2018-10-13,2018-10-13T02:33:58,,,,20181013T022629_20181013T023153_T52UCV,sentinel2,konstantinovka,baseline_2018_09_low,post,7.037891
2018-10-16,2018-10-16T02:43:41,,,,20181016T023659_20181016T024243_T52UCA,sentinel2,konstantinovka,baseline_2018_09_low,post,2.11859
2019-06-01,2019-06-01T21:36:00,DESCENDING,B,32.0,S1B_IW_GRDH_1SDV_20190601T213600_20190601T213625_016508_01F128_F4E1,sentinel1,blagoveshchensk,flood_2019_07_amur,pre,
2019-06-01,2019-06-01T21:36:25,DESCENDING,B,32.0,S1B_IW_GRDH_1SDV_20190601T213625_20190601T213650_016508_01F128_2225,sentinel1,blagoveshchensk,flood_2019_07_amur,pre,
2019-06-06,2019-06-06T21:44:29,DESCENDING,B,105.0,S1B_IW_GRDH_1SDV_20190606T214429_20190606T214454_016581_01F36B_8412,sentinel1,blagoveshchensk,flood_2019_07_amur,pre,
2019-06-13,2019-06-13T21:36:01,DESCENDING,B,32.0,S1B_IW_GRDH_1SDV_20190613T213601_20190613T213626_016683_01F65C_57D6,sentinel1,blagoveshchensk,flood_2019_07_amur,pre,
2019-06-13,2019-06-13T21:36:26,DESCENDING,B,32.0,S1B_IW_GRDH_1SDV_20190613T213626_20190613T213651_016683_01F65C_378A,sentinel1,blagoveshchensk,flood_2019_07_amur,pre,
2019-06-18,2019-06-18T21:44:30,DESCENDING,B,105.0,S1B_IW_GRDH_1SDV_20190618T214430_20190618T214455_016756_01F89E_F5C0,sentinel1,blagoveshchensk,flood_2019_07_amur,pre,
2019-06-03,2019-06-03T02:43:39,,,,20190603T023559_20190603T024139_T52UCB,sentinel2,blagoveshchensk,flood_2019_07_amur,pre,21.450107
2019-06-03,2019-06-03T02:43:40,,,,20190603T023559_20190603T024139_T51UYS,sentinel2,blagoveshchensk,flood_2019_07_amur,pre,19.936719
2019-06-03,2019-06-03T02:43:48,,,,20190603T023559_20190603T024139_T52UDA,sentinel2,blagoveshchensk,flood_2019_07_amur,pre,16.661833
2019-06-03,2019-06-03T02:43:53,,,,20190603T023559_20190603T024139_T52UCA,sentinel2,blagoveshchensk,flood_2019_07_amur,pre,19.923429
2019-06-03,2019-06-03T02:43:55,,,,20190603T023559_20190603T024139_T51UYR,sentinel2,blagoveshchensk,flood_2019_07_amur,pre,19.487012
2019-06-05,2019-06-05T02:33:45,,,,20190605T022551_20190605T022551_T52UDA,sentinel2,blagoveshchensk,flood_2019_07_amur,pre,5.219562
2019-06-05,2019-06-05T02:33:49,,,,20190605T022551_20190605T022551_T52UCA,sentinel2,blagoveshchensk,flood_2019_07_amur,pre,0.826026
2019-06-05,2019-06-05T02:33:54,,,,20190605T022551_20190605T022551_T51UYR,sentinel2,blagoveshchensk,flood_2019_07_amur,pre,0.049309
2019-06-08,2019-06-08T02:43:33,,,,20190608T023551_20190608T023945_T52UCB,sentinel2,blagoveshchensk,flood_2019_07_amur,pre,4.265649
2019-06-08,2019-06-08T02:43:34,,,,20190608T023551_20190608T023945_T51UYS,sentinel2,blagoveshchensk,flood_2019_07_amur,pre,4.589218
2019-06-08,2019-06-08T02:43:42,,,,20190608T023551_20190608T023945_T52UDA,sentinel2,blagoveshchensk,flood_2019_07_amur,pre,3.733505
2019-06-08,2019-06-08T02:43:47,,,,20190608T023551_20190608T023945_T52UCA,sentinel2,blagoveshchensk,flood_2019_07_amur,pre,35.457371
2019-06-08,2019-06-08T02:43:49,,,,20190608T023551_20190608T023945_T51UYR,sentinel2,blagoveshchensk,flood_2019_07_amur,pre,48.793253
2019-06-10,2019-06-10T02:33:51,,,,20190610T022559_20190610T022557_T52UDA,sentinel2,blagoveshchensk,flood_2019_07_amur,pre,9.290577
2019-06-10,2019-06-10T02:33:55,,,,20190610T022559_20190610T022557_T52UCA,sentinel2,blagoveshchensk,flood_2019_07_amur,pre,13.180913
2019-06-10,2019-06-10T02:34:00,,,,20190610T022559_20190610T022557_T51UYR,sentinel2,blagoveshchensk,flood_2019_07_amur,pre,4.035389
2019-06-15,2019-06-15T02:33:47,,,,20190615T022551_20190615T022552_T52UDA,sentinel2,blagoveshchensk,flood_2019_07_amur,pre,17.685315
2019-06-15,2019-06-15T02:33:51,,,,20190615T022551_20190615T022552_T52UCA,sentinel2,blagoveshchensk,flood_2019_07_amur,pre,5.64869
2019-06-15,2019-06-15T02:33:55,,,,20190615T022551_20190615T022552_T51UYR,sentinel2,blagoveshchensk,flood_2019_07_amur,pre,2.975137
2019-06-18,2019-06-18T02:43:34,,,,20190618T023551_20190618T023552_T52UCB,sentinel2,blagoveshchensk,flood_2019_07_amur,pre,42.435682
2019-06-18,2019-06-18T02:43:36,,,,20190618T023551_20190618T023552_T51UYS,sentinel2,blagoveshchensk,flood_2019_07_amur,pre,42.167855
2019-06-18,2019-06-18T02:43:43,,,,20190618T023551_20190618T023552_T52UDA,sentinel2,blagoveshchensk,flood_2019_07_amur,pre,13.228136
2019-06-18,2019-06-18T02:43:48,,,,20190618T023551_20190618T023552_T52UCA,sentinel2,blagoveshchensk,flood_2019_07_amur,pre,43.420056
2019-06-18,2019-06-18T02:43:50,,,,20190618T023551_20190618T023552_T51UYR,sentinel2,blagoveshchensk,flood_2019_07_amur,pre,41.145063
2019-07-24,2019-07-24T21:44:32,DESCENDING,B,105.0,S1B_IW_GRDH_1SDV_20190724T214432_20190724T214457_017281_020807_0B2D,sentinel1,blagoveshchensk,flood_2019_07_amur,peak,
2019-07-25,2019-07-25T21:36:59,DESCENDING,A,32.0,S1A_IW_GRDH_1SDV_20190725T213659_20190725T213733_028279_0331D7_8C10,sentinel1,blagoveshchensk,flood_2019_07_amur,peak,
2019-07-28,2019-07-28T09:18:28,ASCENDING,B,156.0,S1B_IW_GRDH_1SDV_20190728T091828_20190728T091902_017332_020982_50B5,sentinel1,blagoveshchensk,flood_2019_07_amur,peak,
2019-07-29,2019-07-29T09:10:58,ASCENDING,A,83.0,S1A_IW_GRDH_1SDV_20190729T091058_20190729T091132_028330_033373_9043,sentinel1,blagoveshchensk,flood_2019_07_amur,peak,
2019-07-31,2019-07-31T21:36:04,DESCENDING,B,32.0,S1B_IW_GRDH_1SDV_20190731T213604_20190731T213629_017383_020B01_4B1E,sentinel1,blagoveshchensk,flood_2019_07_amur,peak,
2019-07-31,2019-07-31T21:36:29,DESCENDING,B,32.0,S1B_IW_GRDH_1SDV_20190731T213629_20190731T213654_017383_020B01_5D04,sentinel1,blagoveshchensk,flood_2019_07_amur,peak,
2019-08-21,2019-08-21T09:18:30,ASCENDING,B,156.0,S1B_IW_GRDH_1SDV_20190821T091830_20190821T091904_017682_021440_31AE,sentinel1,blagoveshchensk,flood_2019_07_amur,post,
2019-08-29,2019-08-29T21:44:34,DESCENDING,B,105.0,S1B_IW_GRDH_1SDV_20190829T214434_20190829T214459_017806_021829_7254,sentinel1,blagoveshchensk,flood_2019_07_amur,post,
2019-09-05,2019-09-05T21:36:06,DESCENDING,B,32.0,S1B_IW_GRDH_1SDV_20190905T213606_20190905T213631_017908_021B40_5ECF,sentinel1,blagoveshchensk,flood_2019_07_amur,post,
2019-09-05,2019-09-05T21:36:31,DESCENDING,B,32.0,S1B_IW_GRDH_1SDV_20190905T213631_20190905T213656_017908_021B40_6B33,sentinel1,blagoveshchensk,flood_2019_07_amur,post,
2019-08-24,2019-08-24T02:33:45,,,,20190824T022551_20190824T022551_T52UDA,sentinel2,blagoveshchensk,flood_2019_07_amur,post,35.995922
2019-08-24,2019-08-24T02:33:49,,,,20190824T022551_20190824T022551_T52UCA,sentinel2,blagoveshchensk,flood_2019_07_amur,post,31.59497
2019-08-24,2019-08-24T02:33:54,,,,20190824T022551_20190824T022551_T51UYR,sentinel2,blagoveshchensk,flood_2019_07_amur,post,52.482601
2019-08-29,2019-08-29T02:33:47,,,,20190829T022559_20190829T022553_T52UDA,sentinel2,blagoveshchensk,flood_2019_07_amur,post,46.548635
2019-08-29,2019-08-29T02:33:51,,,,20190829T022559_20190829T022553_T52UCA,sentinel2,blagoveshchensk,flood_2019_07_amur,post,57.998198
2019-09-01,2019-09-01T02:43:34,,,,20190901T023549_20190901T024222_T52UCB,sentinel2,blagoveshchensk,flood_2019_07_amur,post,51.277642
2019-09-01,2019-09-01T02:43:35,,,,20190901T023549_20190901T024222_T51UYS,sentinel2,blagoveshchensk,flood_2019_07_amur,post,41.787281
2019-09-03,2019-09-03T02:33:52,,,,20190903T022551_20190903T023331_T51UYR,sentinel2,blagoveshchensk,flood_2019_07_amur,post,42.949857
2019-09-06,2019-09-06T02:43:30,,,,20190906T023551_20190906T024105_T52UCB,sentinel2,blagoveshchensk,flood_2019_07_amur,post,13.207551
2019-09-06,2019-09-06T02:43:31,,,,20190906T023551_20190906T024105_T51UYS,sentinel2,blagoveshchensk,flood_2019_07_amur,post,17.076974
2019-09-06,2019-09-06T02:43:39,,,,20190906T023551_20190906T024105_T52UDA,sentinel2,blagoveshchensk,flood_2019_07_amur,post,14.915173
2019-09-06,2019-09-06T02:43:44,,,,20190906T023551_20190906T024105_T52UCA,sentinel2,blagoveshchensk,flood_2019_07_amur,post,12.507832
2019-09-06,2019-09-06T02:43:46,,,,20190906T023551_20190906T024105_T51UYR,sentinel2,blagoveshchensk,flood_2019_07_amur,post,12.899672
2019-06-01,2019-06-01T21:36:00,DESCENDING,B,32.0,S1B_IW_GRDH_1SDV_20190601T213600_20190601T213625_016508_01F128_F4E1,sentinel1,svobodny,flood_2019_07_amur,pre,
2019-06-06,2019-06-06T21:44:04,DESCENDING,B,105.0,S1B_IW_GRDH_1SDV_20190606T214404_20190606T214429_016581_01F36B_13AD,sentinel1,svobodny,flood_2019_07_amur,pre,
2019-06-13,2019-06-13T21:36:01,DESCENDING,B,32.0,S1B_IW_GRDH_1SDV_20190613T213601_20190613T213626_016683_01F65C_57D6,sentinel1,svobodny,flood_2019_07_amur,pre,
2019-06-18,2019-06-18T21:44:05,DESCENDING,B,105.0,S1B_IW_GRDH_1SDV_20190618T214405_20190618T214430_016756_01F89E_2797,sentinel1,svobodny,flood_2019_07_amur,pre,
2019-05-31,2019-05-31T02:33:23,,,,20190531T022559_20190531T022557_T52UDC,sentinel2,svobodny,flood_2019_07_amur,pre,59.445979
2019-05-31,2019-05-31T02:33:37,,,,20190531T022559_20190531T022557_T52UDB,sentinel2,svobodny,flood_2019_07_amur,pre,59.491158
2019-06-03,2019-06-03T02:43:20,,,,20190603T023559_20190603T024139_T52UDC,sentinel2,svobodny,flood_2019_07_amur,pre,7.664175
2019-06-03,2019-06-03T02:43:34,,,,20190603T023559_20190603T024139_T52UDB,sentinel2,svobodny,flood_2019_07_amur,pre,10.550292
2019-06-05,2019-06-05T02:33:16,,,,20190605T022551_20190605T022551_T52UDC,sentinel2,svobodny,flood_2019_07_amur,pre,41.117443
2019-06-05,2019-06-05T02:33:31,,,,20190605T022551_20190605T022551_T52UDB,sentinel2,svobodny,flood_2019_07_amur,pre,23.430079
2019-06-08,2019-06-08T02:43:14,,,,20190608T023551_20190608T023945_T52UDC,sentinel2,svobodny,flood_2019_07_amur,pre,7.905286
2019-06-08,2019-06-08T02:43:28,,,,20190608T023551_20190608T023945_T52UDB,sentinel2,svobodny,flood_2019_07_amur,pre,1.701036
2019-06-15,2019-06-15T02:33:18,,,,20190615T022551_20190615T022552_T52UDC,sentinel2,svobodny,flood_2019_07_amur,pre,0.335813
2019-06-15,2019-06-15T02:33:32,,,,20190615T022551_20190615T022552_T52UDB,sentinel2,svobodny,flood_2019_07_amur,pre,1.382322
2019-06-18,2019-06-18T02:43:15,,,,20190618T023551_20190618T023552_T52UDC,sentinel2,svobodny,flood_2019_07_amur,pre,15.836537
2019-06-18,2019-06-18T02:43:29,,,,20190618T023551_20190618T023552_T52UDB,sentinel2,svobodny,flood_2019_07_amur,pre,35.057205
2019-07-24,2019-07-24T21:44:07,DESCENDING,B,105.0,S1B_IW_GRDH_1SDV_20190724T214407_20190724T214432_017281_020807_1270,sentinel1,svobodny,flood_2019_07_amur,peak,
2019-07-25,2019-07-25T21:36:30,DESCENDING,A,32.0,S1A_IW_GRDH_1SDV_20190725T213630_20190725T213659_028279_0331D7_952F,sentinel1,svobodny,flood_2019_07_amur,peak,
2019-07-28,2019-07-28T09:18:28,ASCENDING,B,156.0,S1B_IW_GRDH_1SDV_20190728T091828_20190728T091902_017332_020982_50B5,sentinel1,svobodny,flood_2019_07_amur,peak,
2019-07-29,2019-07-29T09:10:58,ASCENDING,A,83.0,S1A_IW_GRDH_1SDV_20190729T091058_20190729T091132_028330_033373_9043,sentinel1,svobodny,flood_2019_07_amur,peak,
2019-07-31,2019-07-31T21:36:04,DESCENDING,B,32.0,S1B_IW_GRDH_1SDV_20190731T213604_20190731T213629_017383_020B01_4B1E,sentinel1,svobodny,flood_2019_07_amur,peak,
2019-07-30,2019-07-30T02:33:23,,,,20190730T022559_20190730T022557_T52UDC,sentinel2,svobodny,flood_2019_07_amur,peak,33.429737
2019-07-30,2019-07-30T02:33:37,,,,20190730T022559_20190730T022557_T52UDB,sentinel2,svobodny,flood_2019_07_amur,peak,49.375749
2019-08-21,2019-08-21T09:18:30,ASCENDING,B,156.0,S1B_IW_GRDH_1SDV_20190821T091830_20190821T091904_017682_021440_31AE,sentinel1,svobodny,flood_2019_07_amur,post,
2019-08-29,2019-08-29T21:44:09,DESCENDING,B,105.0,S1B_IW_GRDH_1SDV_20190829T214409_20190829T214434_017806_021829_2B85,sentinel1,svobodny,flood_2019_07_amur,post,
2019-09-05,2019-09-05T21:36:06,DESCENDING,B,32.0,S1B_IW_GRDH_1SDV_20190905T213606_20190905T213631_017908_021B40_5ECF,sentinel1,svobodny,flood_2019_07_amur,post,
2019-08-24,2019-08-24T02:33:16,,,,20190824T022551_20190824T022551_T52UDC,sentinel2,svobodny,flood_2019_07_amur,post,9.361872
2019-08-24,2019-08-24T02:33:31,,,,20190824T022551_20190824T022551_T52UDB,sentinel2,svobodny,flood_2019_07_amur,post,25.21301
2019-08-29,2019-08-29T02:33:18,,,,20190829T022559_20190829T022553_T52UDC,sentinel2,svobodny,flood_2019_07_amur,post,31.271663
2019-08-29,2019-08-29T02:33:33,,,,20190829T022559_20190829T022553_T52UDB,sentinel2,svobodny,flood_2019_07_amur,post,12.499315
2019-09-01,2019-09-01T02:43:15,,,,20190901T023549_20190901T024222_T52UDC,sentinel2,svobodny,flood_2019_07_amur,post,32.390682
2019-09-06,2019-09-06T02:43:11,,,,20190906T023551_20190906T024105_T52UDC,sentinel2,svobodny,flood_2019_07_amur,post,0.400058
2019-09-06,2019-09-06T02:43:25,,,,20190906T023551_20190906T024105_T52UDB,sentinel2,svobodny,flood_2019_07_amur,post,4.661118
2019-06-01,2019-06-01T21:36:25,DESCENDING,B,32.0,S1B_IW_GRDH_1SDV_20190601T213625_20190601T213650_016508_01F128_2225,sentinel1,konstantinovka,flood_2019_07_amur,pre,
2019-06-06,2019-06-06T21:44:29,DESCENDING,B,105.0,S1B_IW_GRDH_1SDV_20190606T214429_20190606T214454_016581_01F36B_8412,sentinel1,konstantinovka,flood_2019_07_amur,pre,
2019-06-13,2019-06-13T21:36:26,DESCENDING,B,32.0,S1B_IW_GRDH_1SDV_20190613T213626_20190613T213651_016683_01F65C_378A,sentinel1,konstantinovka,flood_2019_07_amur,pre,
2019-06-18,2019-06-18T21:44:30,DESCENDING,B,105.0,S1B_IW_GRDH_1SDV_20190618T214430_20190618T214455_016756_01F89E_F5C0,sentinel1,konstantinovka,flood_2019_07_amur,pre,
2019-06-03,2019-06-03T02:43:48,,,,20190603T023559_20190603T024139_T52UDA,sentinel2,konstantinovka,flood_2019_07_amur,pre,16.661833
2019-06-03,2019-06-03T02:43:53,,,,20190603T023559_20190603T024139_T52UCA,sentinel2,konstantinovka,flood_2019_07_amur,pre,19.923429
2019-06-03,2019-06-03T02:44:02,,,,20190603T023559_20190603T024139_T52UDV,sentinel2,konstantinovka,flood_2019_07_amur,pre,14.428763
2019-06-03,2019-06-03T02:44:07,,,,20190603T023559_20190603T024139_T52UCV,sentinel2,konstantinovka,flood_2019_07_amur,pre,17.186827
2019-06-05,2019-06-05T02:33:45,,,,20190605T022551_20190605T022551_T52UDA,sentinel2,konstantinovka,flood_2019_07_amur,pre,5.219562
2019-06-05,2019-06-05T02:33:49,,,,20190605T022551_20190605T022551_T52UCA,sentinel2,konstantinovka,flood_2019_07_amur,pre,0.826026
2019-06-05,2019-06-05T02:34:00,,,,20190605T022551_20190605T022551_T52UDV,sentinel2,konstantinovka,flood_2019_07_amur,pre,10.972997
2019-06-05,2019-06-05T02:34:03,,,,20190605T022551_20190605T022551_T52UCV,sentinel2,konstantinovka,flood_2019_07_amur,pre,10.822901
2019-06-08,2019-06-08T02:43:42,,,,20190608T023551_20190608T023945_T52UDA,sentinel2,konstantinovka,flood_2019_07_amur,pre,3.733505
2019-06-08,2019-06-08T02:43:47,,,,20190608T023551_20190608T023945_T52UCA,sentinel2,konstantinovka,flood_2019_07_amur,pre,35.457371
2019-06-10,2019-06-10T02:33:51,,,,20190610T022559_20190610T022557_T52UDA,sentinel2,konstantinovka,flood_2019_07_amur,pre,9.290577
2019-06-10,2019-06-10T02:33:55,,,,20190610T022559_20190610T022557_T52UCA,sentinel2,konstantinovka,flood_2019_07_amur,pre,13.180913
2019-06-10,2019-06-10T02:34:05,,,,20190610T022559_20190610T022557_T52UDV,sentinel2,konstantinovka,flood_2019_07_amur,pre,13.32695
2019-06-10,2019-06-10T02:34:09,,,,20190610T022559_20190610T022557_T52UCV,sentinel2,konstantinovka,flood_2019_07_amur,pre,8.202565
2019-06-15,2019-06-15T02:33:47,,,,20190615T022551_20190615T022552_T52UDA,sentinel2,konstantinovka,flood_2019_07_amur,pre,17.685315
2019-06-15,2019-06-15T02:33:51,,,,20190615T022551_20190615T022552_T52UCA,sentinel2,konstantinovka,flood_2019_07_amur,pre,5.64869
2019-06-15,2019-06-15T02:34:01,,,,20190615T022551_20190615T022552_T52UDV,sentinel2,konstantinovka,flood_2019_07_amur,pre,24.441289
2019-06-15,2019-06-15T02:34:05,,,,20190615T022551_20190615T022552_T52UCV,sentinel2,konstantinovka,flood_2019_07_amur,pre,25.712666
2019-06-18,2019-06-18T02:43:43,,,,20190618T023551_20190618T023552_T52UDA,sentinel2,konstantinovka,flood_2019_07_amur,pre,13.228136
2019-06-18,2019-06-18T02:43:48,,,,20190618T023551_20190618T023552_T52UCA,sentinel2,konstantinovka,flood_2019_07_amur,pre,43.420056
2019-06-18,2019-06-18T02:43:58,,,,20190618T023551_20190618T023552_T52UDV,sentinel2,konstantinovka,flood_2019_07_amur,pre,6.137773
2019-06-18,2019-06-18T02:44:02,,,,20190618T023551_20190618T023552_T52UCV,sentinel2,konstantinovka,flood_2019_07_amur,pre,23.617526
2019-07-24,2019-07-24T21:44:32,DESCENDING,B,105.0,S1B_IW_GRDH_1SDV_20190724T214432_20190724T214457_017281_020807_0B2D,sentinel1,konstantinovka,flood_2019_07_amur,peak,
2019-07-25,2019-07-25T21:36:59,DESCENDING,A,32.0,S1A_IW_GRDH_1SDV_20190725T213659_20190725T213733_028279_0331D7_8C10,sentinel1,konstantinovka,flood_2019_07_amur,peak,
2019-07-28,2019-07-28T09:17:59,ASCENDING,B,156.0,S1B_IW_GRDH_1SDV_20190728T091759_20190728T091828_017332_020982_38DC,sentinel1,konstantinovka,flood_2019_07_amur,peak,
2019-07-29,2019-07-29T09:10:29,ASCENDING,A,83.0,S1A_IW_GRDH_1SDV_20190729T091029_20190729T091058_028330_033373_0A63,sentinel1,konstantinovka,flood_2019_07_amur,peak,
2019-07-31,2019-07-31T21:36:29,DESCENDING,B,32.0,S1B_IW_GRDH_1SDV_20190731T213629_20190731T213654_017383_020B01_5D04,sentinel1,konstantinovka,flood_2019_07_amur,peak,
2019-08-21,2019-08-21T09:18:01,ASCENDING,B,156.0,S1B_IW_GRDH_1SDV_20190821T091801_20190821T091830_017682_021440_766A,sentinel1,konstantinovka,flood_2019_07_amur,post,
2019-08-29,2019-08-29T21:44:34,DESCENDING,B,105.0,S1B_IW_GRDH_1SDV_20190829T214434_20190829T214459_017806_021829_7254,sentinel1,konstantinovka,flood_2019_07_amur,post,
2019-09-05,2019-09-05T21:36:31,DESCENDING,B,32.0,S1B_IW_GRDH_1SDV_20190905T213631_20190905T213656_017908_021B40_6B33,sentinel1,konstantinovka,flood_2019_07_amur,post,
2019-08-24,2019-08-24T02:33:45,,,,20190824T022551_20190824T022551_T52UDA,sentinel2,konstantinovka,flood_2019_07_amur,post,35.995922
2019-08-24,2019-08-24T02:33:49,,,,20190824T022551_20190824T022551_T52UCA,sentinel2,konstantinovka,flood_2019_07_amur,post,31.59497
2019-08-24,2019-08-24T02:34:00,,,,20190824T022551_20190824T022551_T52UDV,sentinel2,konstantinovka,flood_2019_07_amur,post,33.43605
2019-08-24,2019-08-24T02:34:03,,,,20190824T022551_20190824T022551_T52UCV,sentinel2,konstantinovka,flood_2019_07_amur,post,37.921389
2019-08-27,2019-08-27T02:44:00,,,,20190827T023551_20190827T024252_T52UCV,sentinel2,konstantinovka,flood_2019_07_amur,post,37.178632
2019-08-29,2019-08-29T02:33:47,,,,20190829T022559_20190829T022553_T52UDA,sentinel2,konstantinovka,flood_2019_07_amur,post,46.548635
2019-08-29,2019-08-29T02:33:51,,,,20190829T022559_20190829T022553_T52UCA,sentinel2,konstantinovka,flood_2019_07_amur,post,57.998198
2019-09-03,2019-09-03T02:34:02,,,,20190903T022551_20190903T023331_T52UCV,sentinel2,konstantinovka,flood_2019_07_amur,post,57.486151
2019-09-06,2019-09-06T02:43:39,,,,20190906T023551_20190906T024105_T52UDA,sentinel2,konstantinovka,flood_2019_07_amur,post,14.915173
2019-09-06,2019-09-06T02:43:44,,,,20190906T023551_20190906T024105_T52UCA,sentinel2,konstantinovka,flood_2019_07_amur,post,12.507832
2019-09-06,2019-09-06T02:43:54,,,,20190906T023551_20190906T024105_T52UDV,sentinel2,konstantinovka,flood_2019_07_amur,post,21.112492
2019-09-06,2019-09-06T02:43:58,,,,20190906T023551_20190906T024105_T52UCV,sentinel2,konstantinovka,flood_2019_07_amur,post,11.11411
2019-06-01,2019-06-01T21:36:00,DESCENDING,B,32.0,S1B_IW_GRDH_1SDV_20190601T213600_20190601T213625_016508_01F128_F4E1,sentinel1,belogorsk,flood_2019_07_amur,pre,
2019-06-06,2019-06-06T21:44:04,DESCENDING,B,105.0,S1B_IW_GRDH_1SDV_20190606T214404_20190606T214429_016581_01F36B_13AD,sentinel1,belogorsk,flood_2019_07_amur,pre,
2019-06-13,2019-06-13T21:36:01,DESCENDING,B,32.0,S1B_IW_GRDH_1SDV_20190613T213601_20190613T213626_016683_01F65C_57D6,sentinel1,belogorsk,flood_2019_07_amur,pre,
2019-06-18,2019-06-18T21:44:05,DESCENDING,B,105.0,S1B_IW_GRDH_1SDV_20190618T214405_20190618T214430_016756_01F89E_2797,sentinel1,belogorsk,flood_2019_07_amur,pre,
2019-05-31,2019-05-31T02:33:37,,,,20190531T022559_20190531T022557_T52UDB,sentinel2,belogorsk,flood_2019_07_amur,pre,59.491158
2019-06-03,2019-06-03T02:43:34,,,,20190603T023559_20190603T024139_T52UDB,sentinel2,belogorsk,flood_2019_07_amur,pre,10.550292
2019-06-05,2019-06-05T02:33:31,,,,20190605T022551_20190605T022551_T52UDB,sentinel2,belogorsk,flood_2019_07_amur,pre,23.430079
2019-06-08,2019-06-08T02:43:28,,,,20190608T023551_20190608T023945_T52UDB,sentinel2,belogorsk,flood_2019_07_amur,pre,1.701036
2019-06-15,2019-06-15T02:33:32,,,,20190615T022551_20190615T022552_T52UDB,sentinel2,belogorsk,flood_2019_07_amur,pre,1.382322
2019-06-18,2019-06-18T02:43:29,,,,20190618T023551_20190618T023552_T52UDB,sentinel2,belogorsk,flood_2019_07_amur,pre,35.057205
2019-07-24,2019-07-24T21:44:07,DESCENDING,B,105.0,S1B_IW_GRDH_1SDV_20190724T214407_20190724T214432_017281_020807_1270,sentinel1,belogorsk,flood_2019_07_amur,peak,
2019-07-25,2019-07-25T21:36:30,DESCENDING,A,32.0,S1A_IW_GRDH_1SDV_20190725T213630_20190725T213659_028279_0331D7_952F,sentinel1,belogorsk,flood_2019_07_amur,peak,
2019-07-25,2019-07-25T21:36:59,DESCENDING,A,32.0,S1A_IW_GRDH_1SDV_20190725T213659_20190725T213733_028279_0331D7_8C10,sentinel1,belogorsk,flood_2019_07_amur,peak,
2019-07-28,2019-07-28T09:18:28,ASCENDING,B,156.0,S1B_IW_GRDH_1SDV_20190728T091828_20190728T091902_017332_020982_50B5,sentinel1,belogorsk,flood_2019_07_amur,peak,
2019-07-29,2019-07-29T09:10:58,ASCENDING,A,83.0,S1A_IW_GRDH_1SDV_20190729T091058_20190729T091132_028330_033373_9043,sentinel1,belogorsk,flood_2019_07_amur,peak,
2019-07-31,2019-07-31T21:36:04,DESCENDING,B,32.0,S1B_IW_GRDH_1SDV_20190731T213604_20190731T213629_017383_020B01_4B1E,sentinel1,belogorsk,flood_2019_07_amur,peak,
2019-07-30,2019-07-30T02:33:37,,,,20190730T022559_20190730T022557_T52UDB,sentinel2,belogorsk,flood_2019_07_amur,peak,49.375749
2019-08-21,2019-08-21T09:18:30,ASCENDING,B,156.0,S1B_IW_GRDH_1SDV_20190821T091830_20190821T091904_017682_021440_31AE,sentinel1,belogorsk,flood_2019_07_amur,post,
2019-08-29,2019-08-29T21:44:09,DESCENDING,B,105.0,S1B_IW_GRDH_1SDV_20190829T214409_20190829T214434_017806_021829_2B85,sentinel1,belogorsk,flood_2019_07_amur,post,
2019-09-05,2019-09-05T21:36:06,DESCENDING,B,32.0,S1B_IW_GRDH_1SDV_20190905T213606_20190905T213631_017908_021B40_5ECF,sentinel1,belogorsk,flood_2019_07_amur,post,
2019-08-24,2019-08-24T02:33:31,,,,20190824T022551_20190824T022551_T52UDB,sentinel2,belogorsk,flood_2019_07_amur,post,25.21301
2019-08-29,2019-08-29T02:33:33,,,,20190829T022559_20190829T022553_T52UDB,sentinel2,belogorsk,flood_2019_07_amur,post,12.499315
2019-09-06,2019-09-06T02:43:25,,,,20190906T023551_20190906T024105_T52UDB,sentinel2,belogorsk,flood_2019_07_amur,post,4.661118
2021-05-02,2021-05-02T21:44:40,DESCENDING,B,105.0,S1B_IW_GRDH_1SDV_20210502T214440_20210502T214505_026731_03316E_B675,sentinel1,blagoveshchensk,flood_2021_06_amur,pre,
2021-05-14,2021-05-14T21:44:40,DESCENDING,B,105.0,S1B_IW_GRDH_1SDV_20210514T214440_20210514T214505_026906_0336E7_AAED,sentinel1,blagoveshchensk,flood_2021_06_amur,pre,
2021-05-05,2021-05-05T02:33:42,,,,20210505T022551_20210505T022548_T52UDA,sentinel2,blagoveshchensk,flood_2021_06_amur,pre,15.975959
2021-05-05,2021-05-05T02:33:46,,,,20210505T022551_20210505T022548_T52UCA,sentinel2,blagoveshchensk,flood_2021_06_amur,pre,39.186607
2021-05-05,2021-05-05T02:33:51,,,,20210505T022551_20210505T022548_T51UYR,sentinel2,blagoveshchensk,flood_2021_06_amur,pre,46.160921
2021-05-15,2021-05-15T02:33:47,,,,20210515T022551_20210515T023226_T52UCA,sentinel2,blagoveshchensk,flood_2021_06_amur,pre,55.673957
2021-05-15,2021-05-15T02:33:52,,,,20210515T022551_20210515T023226_T51UYR,sentinel2,blagoveshchensk,flood_2021_06_amur,pre,59.078952
2021-05-18,2021-05-18T02:43:40,,,,20210518T023551_20210518T023549_T52UDA,sentinel2,blagoveshchensk,flood_2021_06_amur,pre,49.274744
2021-06-26,2021-06-26T21:36:14,DESCENDING,B,32.0,S1B_IW_GRDH_1SDV_20210626T213614_20210626T213639_027533_034963_26F8,sentinel1,blagoveshchensk,flood_2021_06_amur,peak,
2021-06-26,2021-06-26T21:36:39,DESCENDING,B,32.0,S1B_IW_GRDH_1SDV_20210626T213639_20210626T213704_027533_034963_0F99,sentinel1,blagoveshchensk,flood_2021_06_amur,peak,
2021-07-01,2021-07-01T21:44:43,DESCENDING,B,105.0,S1B_IW_GRDH_1SDV_20210701T214443_20210701T214508_027606_034B89_E68D,sentinel1,blagoveshchensk,flood_2021_06_amur,peak,
2021-06-22,2021-06-22T02:43:40,,,,20210622T023549_20210622T023549_T52UDA,sentinel2,blagoveshchensk,flood_2021_06_amur,peak,0.078008
2021-06-22,2021-06-22T02:43:45,,,,20210622T023549_20210622T023549_T52UCA,sentinel2,blagoveshchensk,flood_2021_06_amur,peak,17.311956
2021-06-22,2021-06-22T02:43:47,,,,20210622T023549_20210622T023549_T51UYR,sentinel2,blagoveshchensk,flood_2021_06_amur,peak,18.046821
2021-06-24,2021-06-24T02:33:44,,,,20210624T022551_20210624T022550_T52UDA,sentinel2,blagoveshchensk,flood_2021_06_amur,peak,4.497162
2021-06-24,2021-06-24T02:33:48,,,,20210624T022551_20210624T022550_T52UCA,sentinel2,blagoveshchensk,flood_2021_06_amur,peak,3.86355
2021-06-24,2021-06-24T02:33:53,,,,20210624T022551_20210624T022550_T51UYR,sentinel2,blagoveshchensk,flood_2021_06_amur,peak,4.156611
2021-06-27,2021-06-27T02:43:32,,,,20210627T023551_20210627T023550_T52UCB,sentinel2,blagoveshchensk,flood_2021_06_amur,peak,15.395191
2021-06-27,2021-06-27T02:43:34,,,,20210627T023551_20210627T023550_T51UYS,sentinel2,blagoveshchensk,flood_2021_06_amur,peak,20.576328
2021-06-27,2021-06-27T02:43:41,,,,20210627T023551_20210627T023550_T52UDA,sentinel2,blagoveshchensk,flood_2021_06_amur,peak,3.871694
2021-06-27,2021-06-27T02:43:46,,,,20210627T023551_20210627T023550_T52UCA,sentinel2,blagoveshchensk,flood_2021_06_amur,peak,13.111426
2021-06-27,2021-06-27T02:43:48,,,,20210627T023551_20210627T023550_T51UYR,sentinel2,blagoveshchensk,flood_2021_06_amur,peak,15.722111
2021-06-29,2021-06-29T02:33:44,,,,20210629T022549_20210629T022550_T52UDA,sentinel2,blagoveshchensk,flood_2021_06_amur,peak,12.377649
2021-06-29,2021-06-29T02:33:48,,,,20210629T022549_20210629T022550_T52UCA,sentinel2,blagoveshchensk,flood_2021_06_amur,peak,7.454663
2021-06-29,2021-06-29T02:33:53,,,,20210629T022549_20210629T022550_T51UYR,sentinel2,blagoveshchensk,flood_2021_06_amur,peak,26.78867
2021-07-25,2021-07-25T21:44:45,DESCENDING,B,105.0,S1B_IW_GRDH_1SDV_20210725T214445_20210725T214510_027956_0355E8_5D7E,sentinel1,blagoveshchensk,flood_2021_06_amur,post,
2021-07-17,2021-07-17T02:43:34,,,,20210717T023551_20210717T023552_T52UCB,sentinel2,blagoveshchensk,flood_2021_06_amur,post,19.976225
2021-07-17,2021-07-17T02:43:35,,,,20210717T023551_20210717T023552_T51UYS,sentinel2,blagoveshchensk,flood_2021_06_amur,post,27.813093
2021-07-17,2021-07-17T02:43:43,,,,20210717T023551_20210717T023552_T52UDA,sentinel2,blagoveshchensk,flood_2021_06_amur,post,51.931953
2021-07-17,2021-07-17T02:43:48,,,,20210717T023551_20210717T023552_T52UCA,sentinel2,blagoveshchensk,flood_2021_06_amur,post,30.934466
2021-07-17,2021-07-17T02:43:50,,,,20210717T023551_20210717T023552_T51UYR,sentinel2,blagoveshchensk,flood_2021_06_amur,post,30.393074
2021-07-22,2021-07-22T02:43:32,,,,20210722T023549_20210722T023959_T52UCB,sentinel2,blagoveshchensk,flood_2021_06_amur,post,1.855203
2021-07-22,2021-07-22T02:43:34,,,,20210722T023549_20210722T023959_T51UYS,sentinel2,blagoveshchensk,flood_2021_06_amur,post,3.574477
2021-07-22,2021-07-22T02:43:42,,,,20210722T023549_20210722T023959_T52UDA,sentinel2,blagoveshchensk,flood_2021_06_amur,post,4.320194
2021-07-22,2021-07-22T02:43:47,,,,20210722T023549_20210722T023959_T52UCA,sentinel2,blagoveshchensk,flood_2021_06_amur,post,9.989062
2021-07-22,2021-07-22T02:43:48,,,,20210722T023549_20210722T023959_T51UYR,sentinel2,blagoveshchensk,flood_2021_06_amur,post,13.495888
2021-07-24,2021-07-24T02:33:47,,,,20210724T022551_20210724T022553_T52UDA,sentinel2,blagoveshchensk,flood_2021_06_amur,post,15.37278
2021-07-24,2021-07-24T02:33:51,,,,20210724T022551_20210724T022553_T52UCA,sentinel2,blagoveshchensk,flood_2021_06_amur,post,15.154534
2021-07-24,2021-07-24T02:33:55,,,,20210724T022551_20210724T022553_T51UYR,sentinel2,blagoveshchensk,flood_2021_06_amur,post,26.501639
2021-08-03,2021-08-03T02:33:55,,,,20210803T022551_20210803T022552_T51UYR,sentinel2,blagoveshchensk,flood_2021_06_amur,post,45.821851
2021-05-02,2021-05-02T21:44:15,DESCENDING,B,105.0,S1B_IW_GRDH_1SDV_20210502T214415_20210502T214440_026731_03316E_DDEE,sentinel1,svobodny,flood_2021_06_amur,pre,
2021-05-14,2021-05-14T21:44:15,DESCENDING,B,105.0,S1B_IW_GRDH_1SDV_20210514T214415_20210514T214440_026906_0336E7_9B1D,sentinel1,svobodny,flood_2021_06_amur,pre,
2021-05-03,2021-05-03T02:43:08,,,,20210503T023549_20210503T023545_T52UDC,sentinel2,svobodny,flood_2021_06_amur,pre,47.133925
2021-05-05,2021-05-05T02:33:27,,,,20210505T022551_20210505T022548_T52UDB,sentinel2,svobodny,flood_2021_06_amur,pre,57.64814
2021-05-18,2021-05-18T02:43:12,,,,20210518T023551_20210518T023549_T52UDC,sentinel2,svobodny,flood_2021_06_amur,pre,35.719429
2021-05-20,2021-05-20T02:33:14,,,,20210520T022549_20210520T022549_T52UDC,sentinel2,svobodny,flood_2021_06_amur,pre,36.723334
2021-05-20,2021-05-20T02:33:29,,,,20210520T022549_20210520T022549_T52UDB,sentinel2,svobodny,flood_2021_06_amur,pre,50.434592
2021-06-26,2021-06-26T21:36:14,DESCENDING,B,32.0,S1B_IW_GRDH_1SDV_20210626T213614_20210626T213639_027533_034963_26F8,sentinel1,svobodny,flood_2021_06_amur,peak,
2021-07-01,2021-07-01T21:44:18,DESCENDING,B,105.0,S1B_IW_GRDH_1SDV_20210701T214418_20210701T214443_027606_034B89_7B9D,sentinel1,svobodny,flood_2021_06_amur,peak,
2021-06-22,2021-06-22T02:43:12,,,,20210622T023549_20210622T023549_T52UDC,sentinel2,svobodny,flood_2021_06_amur,peak,55.0651
2021-06-22,2021-06-22T02:43:27,,,,20210622T023549_20210622T023549_T52UDB,sentinel2,svobodny,flood_2021_06_amur,peak,40.450245
2021-06-24,2021-06-24T02:33:16,,,,20210624T022551_20210624T022550_T52UDC,sentinel2,svobodny,flood_2021_06_amur,peak,5.884814
2021-06-24,2021-06-24T02:33:30,,,,20210624T022551_20210624T022550_T52UDB,sentinel2,svobodny,flood_2021_06_amur,peak,11.29093
2021-06-27,2021-06-27T02:43:13,,,,20210627T023551_20210627T023550_T52UDC,sentinel2,svobodny,flood_2021_06_amur,peak,12.628389
2021-06-27,2021-06-27T02:43:27,,,,20210627T023551_20210627T023550_T52UDB,sentinel2,svobodny,flood_2021_06_amur,peak,7.751718
2021-06-29,2021-06-29T02:33:15,,,,20210629T022549_20210629T022550_T52UDC,sentinel2,svobodny,flood_2021_06_amur,peak,20.110691
2021-06-29,2021-06-29T02:33:30,,,,20210629T022549_20210629T022550_T52UDB,sentinel2,svobodny,flood_2021_06_amur,peak,7.013166
2021-07-25,2021-07-25T21:44:20,DESCENDING,B,105.0,S1B_IW_GRDH_1SDV_20210725T214420_20210725T214445_027956_0355E8_B96B,sentinel1,svobodny,flood_2021_06_amur,post,
2021-07-17,2021-07-17T02:43:15,,,,20210717T023551_20210717T023552_T52UDC,sentinel2,svobodny,flood_2021_06_amur,post,2.693319
2021-07-17,2021-07-17T02:43:29,,,,20210717T023551_20210717T023552_T52UDB,sentinel2,svobodny,flood_2021_06_amur,post,3.22189
2021-07-22,2021-07-22T02:43:14,,,,20210722T023549_20210722T023959_T52UDC,sentinel2,svobodny,flood_2021_06_amur,post,21.342696
2021-07-22,2021-07-22T02:43:28,,,,20210722T023549_20210722T023959_T52UDB,sentinel2,svobodny,flood_2021_06_amur,post,4.963295
2021-07-24,2021-07-24T02:33:18,,,,20210724T022551_20210724T022553_T52UDC,sentinel2,svobodny,flood_2021_06_amur,post,12.68865
2021-07-24,2021-07-24T02:33:32,,,,20210724T022551_20210724T022553_T52UDB,sentinel2,svobodny,flood_2021_06_amur,post,7.781557
2021-07-27,2021-07-27T02:43:15,,,,20210727T023551_20210727T023552_T52UDC,sentinel2,svobodny,flood_2021_06_amur,post,56.82157
2021-05-02,2021-05-02T21:44:40,DESCENDING,B,105.0,S1B_IW_GRDH_1SDV_20210502T214440_20210502T214505_026731_03316E_B675,sentinel1,konstantinovka,flood_2021_06_amur,pre,
2021-05-14,2021-05-14T21:44:40,DESCENDING,B,105.0,S1B_IW_GRDH_1SDV_20210514T214440_20210514T214505_026906_0336E7_AAED,sentinel1,konstantinovka,flood_2021_06_amur,pre,
2021-05-05,2021-05-05T02:33:42,,,,20210505T022551_20210505T022548_T52UDA,sentinel2,konstantinovka,flood_2021_06_amur,pre,15.975959
2021-05-05,2021-05-05T02:33:46,,,,20210505T022551_20210505T022548_T52UCA,sentinel2,konstantinovka,flood_2021_06_amur,pre,39.186607
2021-05-05,2021-05-05T02:33:56,,,,20210505T022551_20210505T022548_T52UDV,sentinel2,konstantinovka,flood_2021_06_amur,pre,56.831828
2021-05-05,2021-05-05T02:34:00,,,,20210505T022551_20210505T022548_T52UCV,sentinel2,konstantinovka,flood_2021_06_amur,pre,55.114808
2021-05-10,2021-05-10T02:34:00,,,,20210510T022549_20210510T022547_T52UCV,sentinel2,konstantinovka,flood_2021_06_amur,pre,53.040272
2021-05-13,2021-05-13T02:43:58,,,,20210513T023549_20210513T023547_T52UCV,sentinel2,konstantinovka,flood_2021_06_amur,pre,36.895375
2021-05-15,2021-05-15T02:33:47,,,,20210515T022551_20210515T023226_T52UCA,sentinel2,konstantinovka,flood_2021_06_amur,pre,55.673957
2021-05-15,2021-05-15T02:33:58,,,,20210515T022551_20210515T023226_T52UDV,sentinel2,konstantinovka,flood_2021_06_amur,pre,37.191399
2021-05-15,2021-05-15T02:34:01,,,,20210515T022551_20210515T023226_T52UCV,sentinel2,konstantinovka,flood_2021_06_amur,pre,34.757892
2021-05-18,2021-05-18T02:43:40,,,,20210518T023551_20210518T023549_T52UDA,sentinel2,konstantinovka,flood_2021_06_amur,pre,49.274744
2021-06-26,2021-06-26T21:36:39,DESCENDING,B,32.0,S1B_IW_GRDH_1SDV_20210626T213639_20210626T213704_027533_034963_0F99,sentinel1,konstantinovka,flood_2021_06_amur,peak,
2021-07-01,2021-07-01T21:44:43,DESCENDING,B,105.0,S1B_IW_GRDH_1SDV_20210701T214443_20210701T214508_027606_034B89_E68D,sentinel1,konstantinovka,flood_2021_06_amur,peak,
2021-06-22,2021-06-22T02:43:40,,,,20210622T023549_20210622T023549_T52UDA,sentinel2,konstantinovka,flood_2021_06_amur,peak,0.078008
2021-06-22,2021-06-22T02:43:45,,,,20210622T023549_20210622T023549_T52UCA,sentinel2,konstantinovka,flood_2021_06_amur,peak,17.311956
2021-06-22,2021-06-22T02:43:55,,,,20210622T023549_20210622T023549_T52UDV,sentinel2,konstantinovka,flood_2021_06_amur,peak,8.488856
2021-06-22,2021-06-22T02:43:59,,,,20210622T023549_20210622T023549_T52UCV,sentinel2,konstantinovka,flood_2021_06_amur,peak,5.186098
2021-06-24,2021-06-24T02:33:44,,,,20210624T022551_20210624T022550_T52UDA,sentinel2,konstantinovka,flood_2021_06_amur,peak,4.497162
2021-06-24,2021-06-24T02:33:48,,,,20210624T022551_20210624T022550_T52UCA,sentinel2,konstantinovka,flood_2021_06_amur,peak,3.86355
2021-06-24,2021-06-24T02:33:59,,,,20210624T022551_20210624T022550_T52UDV,sentinel2,konstantinovka,flood_2021_06_amur,peak,12.962121
2021-06-24,2021-06-24T02:34:03,,,,20210624T022551_20210624T022550_T52UCV,sentinel2,konstantinovka,flood_2021_06_amur,peak,5.225737
2021-06-27,2021-06-27T02:43:41,,,,20210627T023551_20210627T023550_T52UDA,sentinel2,konstantinovka,flood_2021_06_amur,peak,3.871694
2021-06-27,2021-06-27T02:43:46,,,,20210627T023551_20210627T023550_T52UCA,sentinel2,konstantinovka,flood_2021_06_amur,peak,13.111426
2021-06-27,2021-06-27T02:43:56,,,,20210627T023551_20210627T023550_T52UDV,sentinel2,konstantinovka,flood_2021_06_amur,peak,17.795146
2021-06-27,2021-06-27T02:44:00,,,,20210627T023551_20210627T023550_T52UCV,sentinel2,konstantinovka,flood_2021_06_amur,peak,23.280052
2021-06-29,2021-06-29T02:33:44,,,,20210629T022549_20210629T022550_T52UDA,sentinel2,konstantinovka,flood_2021_06_amur,peak,12.377649
2021-06-29,2021-06-29T02:33:48,,,,20210629T022549_20210629T022550_T52UCA,sentinel2,konstantinovka,flood_2021_06_amur,peak,7.454663
2021-06-29,2021-06-29T02:33:59,,,,20210629T022549_20210629T022550_T52UDV,sentinel2,konstantinovka,flood_2021_06_amur,peak,36.592035
2021-06-29,2021-06-29T02:34:02,,,,20210629T022549_20210629T022550_T52UCV,sentinel2,konstantinovka,flood_2021_06_amur,peak,17.628476
2021-07-25,2021-07-25T21:44:45,DESCENDING,B,105.0,S1B_IW_GRDH_1SDV_20210725T214445_20210725T214510_027956_0355E8_5D7E,sentinel1,konstantinovka,flood_2021_06_amur,post,
2021-07-17,2021-07-17T02:43:43,,,,20210717T023551_20210717T023552_T52UDA,sentinel2,konstantinovka,flood_2021_06_amur,post,51.931953
2021-07-17,2021-07-17T02:43:48,,,,20210717T023551_20210717T023552_T52UCA,sentinel2,konstantinovka,flood_2021_06_amur,post,30.934466
2021-07-17,2021-07-17T02:43:57,,,,20210717T023551_20210717T023552_T52UDV,sentinel2,konstantinovka,flood_2021_06_amur,post,26.070606
2021-07-17,2021-07-17T02:44:02,,,,20210717T023551_20210717T023552_T52UCV,sentinel2,konstantinovka,flood_2021_06_amur,post,42.766766
2021-07-19,2021-07-19T02:34:00,,,,20210719T022549_20210719T022551_T52UDV,sentinel2,konstantinovka,flood_2021_06_amur,post,28.886371
2021-07-19,2021-07-19T02:34:03,,,,20210719T022549_20210719T022551_T52UCV,sentinel2,konstantinovka,flood_2021_06_amur,post,44.318352
2021-07-22,2021-07-22T02:43:42,,,,20210722T023549_20210722T023959_T52UDA,sentinel2,konstantinovka,flood_2021_06_amur,post,4.320194
2021-07-22,2021-07-22T02:43:47,,,,20210722T023549_20210722T023959_T52UCA,sentinel2,konstantinovka,flood_2021_06_amur,post,9.989062
2021-07-22,2021-07-22T02:43:56,,,,20210722T023549_20210722T023959_T52UDV,sentinel2,konstantinovka,flood_2021_06_amur,post,14.550219
2021-07-22,2021-07-22T02:44:01,,,,20210722T023549_20210722T023959_T52UCV,sentinel2,konstantinovka,flood_2021_06_amur,post,19.049867
2021-07-24,2021-07-24T02:33:47,,,,20210724T022551_20210724T022553_T52UDA,sentinel2,konstantinovka,flood_2021_06_amur,post,15.37278
2021-07-24,2021-07-24T02:33:51,,,,20210724T022551_20210724T022553_T52UCA,sentinel2,konstantinovka,flood_2021_06_amur,post,15.154534
2021-07-24,2021-07-24T02:34:01,,,,20210724T022551_20210724T022553_T52UDV,sentinel2,konstantinovka,flood_2021_06_amur,post,5.401508
2021-07-24,2021-07-24T02:34:05,,,,20210724T022551_20210724T022553_T52UCV,sentinel2,konstantinovka,flood_2021_06_amur,post,52.888573
2021-05-02,2021-05-02T21:44:40,DESCENDING,B,105.0,S1B_IW_GRDH_1SDV_20210502T214440_20210502T214505_026731_03316E_B675,sentinel1,poyarkovo,flood_2021_06_amur,pre,
2021-05-14,2021-05-14T21:44:40,DESCENDING,B,105.0,S1B_IW_GRDH_1SDV_20210514T214440_20210514T214505_026906_0336E7_AAED,sentinel1,poyarkovo,flood_2021_06_amur,pre,
2021-05-05,2021-05-05T02:33:42,,,,20210505T022551_20210505T022548_T52UDA,sentinel2,poyarkovo,flood_2021_06_amur,pre,15.975959
2021-05-05,2021-05-05T02:33:56,,,,20210505T022551_20210505T022548_T52UDV,sentinel2,poyarkovo,flood_2021_06_amur,pre,56.831828
2021-05-15,2021-05-15T02:33:58,,,,20210515T022551_20210515T023226_T52UDV,sentinel2,poyarkovo,flood_2021_06_amur,pre,37.191399
2021-05-18,2021-05-18T02:43:40,,,,20210518T023551_20210518T023549_T52UDA,sentinel2,poyarkovo,flood_2021_06_amur,pre,49.274744
2021-06-26,2021-06-26T21:36:39,DESCENDING,B,32.0,S1B_IW_GRDH_1SDV_20210626T213639_20210626T213704_027533_034963_0F99,sentinel1,poyarkovo,flood_2021_06_amur,peak,
2021-07-01,2021-07-01T21:44:43,DESCENDING,B,105.0,S1B_IW_GRDH_1SDV_20210701T214443_20210701T214508_027606_034B89_E68D,sentinel1,poyarkovo,flood_2021_06_amur,peak,
2021-06-22,2021-06-22T02:43:40,,,,20210622T023549_20210622T023549_T52UDA,sentinel2,poyarkovo,flood_2021_06_amur,peak,0.078008
2021-06-22,2021-06-22T02:43:55,,,,20210622T023549_20210622T023549_T52UDV,sentinel2,poyarkovo,flood_2021_06_amur,peak,8.488856
2021-06-24,2021-06-24T02:33:44,,,,20210624T022551_20210624T022550_T52UDA,sentinel2,poyarkovo,flood_2021_06_amur,peak,4.497162
2021-06-24,2021-06-24T02:33:59,,,,20210624T022551_20210624T022550_T52UDV,sentinel2,poyarkovo,flood_2021_06_amur,peak,12.962121
2021-06-27,2021-06-27T02:43:41,,,,20210627T023551_20210627T023550_T52UDA,sentinel2,poyarkovo,flood_2021_06_amur,peak,3.871694
2021-06-27,2021-06-27T02:43:56,,,,20210627T023551_20210627T023550_T52UDV,sentinel2,poyarkovo,flood_2021_06_amur,peak,17.795146
2021-06-29,2021-06-29T02:33:44,,,,20210629T022549_20210629T022550_T52UDA,sentinel2,poyarkovo,flood_2021_06_amur,peak,12.377649
2021-06-29,2021-06-29T02:33:59,,,,20210629T022549_20210629T022550_T52UDV,sentinel2,poyarkovo,flood_2021_06_amur,peak,36.592035
2021-07-25,2021-07-25T21:44:45,DESCENDING,B,105.0,S1B_IW_GRDH_1SDV_20210725T214445_20210725T214510_027956_0355E8_5D7E,sentinel1,poyarkovo,flood_2021_06_amur,post,
2021-07-17,2021-07-17T02:43:43,,,,20210717T023551_20210717T023552_T52UDA,sentinel2,poyarkovo,flood_2021_06_amur,post,51.931953
2021-07-17,2021-07-17T02:43:57,,,,20210717T023551_20210717T023552_T52UDV,sentinel2,poyarkovo,flood_2021_06_amur,post,26.070606
2021-07-19,2021-07-19T02:34:00,,,,20210719T022549_20210719T022551_T52UDV,sentinel2,poyarkovo,flood_2021_06_amur,post,28.886371
2021-07-22,2021-07-22T02:43:42,,,,20210722T023549_20210722T023959_T52UDA,sentinel2,poyarkovo,flood_2021_06_amur,post,4.320194
2021-07-22,2021-07-22T02:43:56,,,,20210722T023549_20210722T023959_T52UDV,sentinel2,poyarkovo,flood_2021_06_amur,post,14.550219
2021-07-24,2021-07-24T02:33:47,,,,20210724T022551_20210724T022553_T52UDA,sentinel2,poyarkovo,flood_2021_06_amur,post,15.37278
2021-07-24,2021-07-24T02:34:01,,,,20210724T022551_20210724T022553_T52UDV,sentinel2,poyarkovo,flood_2021_06_amur,post,5.401508
2021-05-26,2021-05-26T21:44:41,DESCENDING,B,105.0,S1B_IW_GRDH_1SDV_20210526T214441_20210526T214506_027081_033C3F_6AAD,sentinel1,blagoveshchensk,flood_2021_08_zeya,pre,
2021-05-27,2021-05-27T21:37:14,DESCENDING,A,32.0,S1A_IW_GRDH_1SDV_20210527T213714_20210527T213731_038079_047E7B_62C9,sentinel1,blagoveshchensk,flood_2021_08_zeya,pre,
2021-06-07,2021-06-07T21:44:42,DESCENDING,B,105.0,S1B_IW_GRDH_1SDV_20210607T214442_20210607T214507_027256_034175_816E,sentinel1,blagoveshchensk,flood_2021_08_zeya,pre,
2021-05-25,2021-05-25T02:33:44,,,,20210525T022551_20210525T022550_T52UDA,sentinel2,blagoveshchensk,flood_2021_08_zeya,pre,48.728275
2021-05-25,2021-05-25T02:33:48,,,,20210525T022551_20210525T022550_T52UCA,sentinel2,blagoveshchensk,flood_2021_08_zeya,pre,53.654305
2021-05-28,2021-05-28T02:43:40,,,,20210528T023551_20210528T023549_T52UDA,sentinel2,blagoveshchensk,flood_2021_08_zeya,pre,48.069746
2021-05-28,2021-05-28T02:43:45,,,,20210528T023551_20210528T023549_T52UCA,sentinel2,blagoveshchensk,flood_2021_08_zeya,pre,53.665539
2021-05-30,2021-05-30T02:33:44,,,,20210530T022549_20210530T022550_T52UDA,sentinel2,blagoveshchensk,flood_2021_08_zeya,pre,55.034384
2021-05-30,2021-05-30T02:33:48,,,,20210530T022549_20210530T022550_T52UCA,sentinel2,blagoveshchensk,flood_2021_08_zeya,pre,30.606305
2021-05-30,2021-05-30T02:33:53,,,,20210530T022549_20210530T022550_T51UYR,sentinel2,blagoveshchensk,flood_2021_08_zeya,pre,37.275785
2021-06-07,2021-06-07T02:43:31,,,,20210607T023551_20210607T024201_T52UCB,sentinel2,blagoveshchensk,flood_2021_08_zeya,pre,7.640867
2021-06-07,2021-06-07T02:43:33,,,,20210607T023551_20210607T024201_T51UYS,sentinel2,blagoveshchensk,flood_2021_08_zeya,pre,14.924503
2021-06-07,2021-06-07T02:43:40,,,,20210607T023551_20210607T024201_T52UDA,sentinel2,blagoveshchensk,flood_2021_08_zeya,pre,17.523975
2021-06-07,2021-06-07T02:43:45,,,,20210607T023551_20210607T024201_T52UCA,sentinel2,blagoveshchensk,flood_2021_08_zeya,pre,28.56677
2021-06-07,2021-06-07T02:43:47,,,,20210607T023551_20210607T024201_T51UYR,sentinel2,blagoveshchensk,flood_2021_08_zeya,pre,30.831543
2021-08-06,2021-08-06T21:44:45,DESCENDING,B,105.0,S1B_IW_GRDH_1SDV_20210806T214445_20210806T214510_028131_035B25_29F5,sentinel1,blagoveshchensk,flood_2021_08_zeya,peak,
2021-08-13,2021-08-13T21:36:17,DESCENDING,B,32.0,S1B_IW_GRDH_1SDV_20210813T213617_20210813T213642_028233_035E43_40D8,sentinel1,blagoveshchensk,flood_2021_08_zeya,peak,
2021-08-13,2021-08-13T21:36:42,DESCENDING,B,32.0,S1B_IW_GRDH_1SDV_20210813T213642_20210813T213707_028233_035E43_8193,sentinel1,blagoveshchensk,flood_2021_08_zeya,peak,
2021-08-06,2021-08-06T02:43:33,,,,20210806T023551_20210806T024203_T52UCB,sentinel2,blagoveshchensk,flood_2021_08_zeya,peak,54.939534
2021-08-06,2021-08-06T02:43:43,,,,20210806T023551_20210806T024203_T52UDA,sentinel2,blagoveshchensk,flood_2021_08_zeya,peak,42.213632
2021-08-06,2021-08-06T02:43:48,,,,20210806T023551_20210806T024203_T52UCA,sentinel2,blagoveshchensk,flood_2021_08_zeya,peak,40.936955
2021-08-06,2021-08-06T02:43:49,,,,20210806T023551_20210806T024203_T51UYR,sentinel2,blagoveshchensk,flood_2021_08_zeya,peak,55.759161
2021-08-11,2021-08-11T02:43:40,,,,20210811T023549_20210811T023549_T52UDA,sentinel2,blagoveshchensk,flood_2021_08_zeya,peak,45.720456
2021-08-13,2021-08-13T02:33:46,,,,20210813T022551_20210813T023312_T52UDA,sentinel2,blagoveshchensk,flood_2021_08_zeya,peak,11.657891
2021-08-13,2021-08-13T02:33:50,,,,20210813T022551_20210813T023312_T52UCA,sentinel2,blagoveshchensk,flood_2021_08_zeya,peak,2.399235
2021-08-13,2021-08-13T02:33:55,,,,20210813T022551_20210813T023312_T51UYR,sentinel2,blagoveshchensk,flood_2021_08_zeya,peak,2.34714
2021-08-16,2021-08-16T02:43:33,,,,20210816T023551_20210816T023551_T52UCB,sentinel2,blagoveshchensk,flood_2021_08_zeya,peak,3.995103
2021-08-16,2021-08-16T02:43:34,,,,20210816T023551_20210816T023551_T51UYS,sentinel2,blagoveshchensk,flood_2021_08_zeya,peak,4.832897
2021-08-16,2021-08-16T02:43:42,,,,20210816T023551_20210816T023551_T52UDA,sentinel2,blagoveshchensk,flood_2021_08_zeya,peak,1.852953
2021-08-16,2021-08-16T02:43:47,,,,20210816T023551_20210816T023551_T52UCA,sentinel2,blagoveshchensk,flood_2021_08_zeya,peak,9.044706
2021-08-16,2021-08-16T02:43:49,,,,20210816T023551_20210816T023551_T51UYR,sentinel2,blagoveshchensk,flood_2021_08_zeya,peak,11.348741
2021-09-06,2021-09-06T21:36:18,DESCENDING,B,32.0,S1B_IW_GRDH_1SDV_20210906T213618_20210906T213643_028583_036939_4202,sentinel1,blagoveshchensk,flood_2021_08_zeya,post,
2021-09-06,2021-09-06T21:36:43,DESCENDING,B,32.0,S1B_IW_GRDH_1SDV_20210906T213643_20210906T213708_028583_036939_DCC4,sentinel1,blagoveshchensk,flood_2021_08_zeya,post,
2021-09-09,2021-09-09T09:19:01,ASCENDING,A,156.0,S1A_IW_GRDH_1SDV_20210909T091901_20210909T091930_039603_04AE6D_7DE9,sentinel1,blagoveshchensk,flood_2021_08_zeya,post,
2021-09-09,2021-09-09T09:19:30,ASCENDING,A,156.0,S1A_IW_GRDH_1SDV_20210909T091930_20210909T091955_039603_04AE6D_C6A2,sentinel1,blagoveshchensk,flood_2021_08_zeya,post,
2021-09-10,2021-09-10T09:10:26,ASCENDING,B,83.0,S1B_IW_GRDH_1SDV_20210910T091026_20210910T091051_028634_036AD9_6CD4,sentinel1,blagoveshchensk,flood_2021_08_zeya,post,
2021-09-11,2021-09-11T21:44:47,DESCENDING,B,105.0,S1B_IW_GRDH_1SDV_20210911T214447_20210911T214512_028656_036B85_D65C,sentinel1,blagoveshchensk,flood_2021_08_zeya,post,
2021-09-12,2021-09-12T21:37:01,DESCENDING,A,32.0,S1A_IW_GRDH_1SDV_20210912T213701_20210912T213731_039654_04B043_13A9,sentinel1,blagoveshchensk,flood_2021_08_zeya,post,
2021-09-18,2021-09-18T21:36:19,DESCENDING,B,32.0,S1B_IW_GRDH_1SDV_20210918T213619_20210918T213644_028758_036E96_65E7,sentinel1,blagoveshchensk,flood_2021_08_zeya,post,
2021-09-18,2021-09-18T21:36:44,DESCENDING,B,32.0,S1B_IW_GRDH_1SDV_20210918T213644_20210918T213709_028758_036E96_6F58,sentinel1,blagoveshchensk,flood_2021_08_zeya,post,
2021-09-23,2021-09-23T21:44:47,DESCENDING,B,105.0,S1B_IW_GRDH_1SDV_20210923T214447_20210923T214512_028831_0370DB_7D7F,sentinel1,blagoveshchensk,flood_2021_08_zeya,post,
2021-09-05,2021-09-05T02:43:31,,,,20210905T023551_20210905T024153_T52UCB,sentinel2,blagoveshchensk,flood_2021_08_zeya,post,11.50326
2021-09-05,2021-09-05T02:43:33,,,,20210905T023551_20210905T024153_T51UYS,sentinel2,blagoveshchensk,flood_2021_08_zeya,post,9.956218
2021-09-05,2021-09-05T02:43:40,,,,20210905T023551_20210905T024153_T52UDA,sentinel2,blagoveshchensk,flood_2021_08_zeya,post,1.826068
2021-09-05,2021-09-05T02:43:45,,,,20210905T023551_20210905T024153_T52UCA,sentinel2,blagoveshchensk,flood_2021_08_zeya,post,4.090417
2021-09-05,2021-09-05T02:43:47,,,,20210905T023551_20210905T024153_T51UYR,sentinel2,blagoveshchensk,flood_2021_08_zeya,post,4.49105
2021-09-12,2021-09-12T02:33:44,,,,20210912T022551_20210912T023227_T52UDA,sentinel2,blagoveshchensk,flood_2021_08_zeya,post,3.401432
2021-09-12,2021-09-12T02:33:48,,,,20210912T022551_20210912T023227_T52UCA,sentinel2,blagoveshchensk,flood_2021_08_zeya,post,6.624343
2021-09-12,2021-09-12T02:33:53,,,,20210912T022551_20210912T023227_T51UYR,sentinel2,blagoveshchensk,flood_2021_08_zeya,post,26.57329
2021-09-15,2021-09-15T02:43:32,,,,20210915T023551_20210915T023550_T52UCB,sentinel2,blagoveshchensk,flood_2021_08_zeya,post,25.24347
2021-09-15,2021-09-15T02:43:33,,,,20210915T023551_20210915T023550_T51UYS,sentinel2,blagoveshchensk,flood_2021_08_zeya,post,33.966949
2021-09-15,2021-09-15T02:43:41,,,,20210915T023551_20210915T023550_T52UDA,sentinel2,blagoveshchensk,flood_2021_08_zeya,post,39.784417
2021-09-15,2021-09-15T02:43:46,,,,20210915T023551_20210915T023550_T52UCA,sentinel2,blagoveshchensk,flood_2021_08_zeya,post,19.29375
2021-09-15,2021-09-15T02:43:48,,,,20210915T023551_20210915T023550_T51UYR,sentinel2,blagoveshchensk,flood_2021_08_zeya,post,29.809888
2021-09-17,2021-09-17T02:33:39,,,,20210917T022549_20210917T022545_T52UDA,sentinel2,blagoveshchensk,flood_2021_08_zeya,post,0.005614
2021-09-17,2021-09-17T02:33:43,,,,20210917T022549_20210917T022545_T52UCA,sentinel2,blagoveshchensk,flood_2021_08_zeya,post,0.593088
2021-09-17,2021-09-17T02:33:48,,,,20210917T022549_20210917T022545_T51UYR,sentinel2,blagoveshchensk,flood_2021_08_zeya,post,0.000972
2021-09-20,2021-09-20T02:43:27,,,,20210920T023549_20210920T023545_T52UCB,sentinel2,blagoveshchensk,flood_2021_08_zeya,post,3e-06
2021-09-20,2021-09-20T02:43:29,,,,20210920T023549_20210920T023545_T51UYS,sentinel2,blagoveshchensk,flood_2021_08_zeya,post,3e-05
2021-09-20,2021-09-20T02:43:37,,,,20210920T023549_20210920T023545_T52UDA,sentinel2,blagoveshchensk,flood_2021_08_zeya,post,0.731754
2021-09-20,2021-09-20T02:43:42,,,,20210920T023549_20210920T023545_T52UCA,sentinel2,blagoveshchensk,flood_2021_08_zeya,post,4.369475
2021-09-20,2021-09-20T02:43:43,,,,20210920T023549_20210920T023545_T51UYR,sentinel2,blagoveshchensk,flood_2021_08_zeya,post,4.251353
2021-09-22,2021-09-22T02:33:46,,,,20210922T022551_20210922T023225_T52UDA,sentinel2,blagoveshchensk,flood_2021_08_zeya,post,44.112289
2021-05-26,2021-05-26T21:44:16,DESCENDING,B,105.0,S1B_IW_GRDH_1SDV_20210526T214416_20210526T214441_027081_033C3F_C93D,sentinel1,svobodny,flood_2021_08_zeya,pre,
2021-05-27,2021-05-27T21:36:49,DESCENDING,A,32.0,S1A_IW_GRDH_1SDV_20210527T213649_20210527T213714_038079_047E7B_D64D,sentinel1,svobodny,flood_2021_08_zeya,pre,
2021-06-07,2021-06-07T21:44:17,DESCENDING,B,105.0,S1B_IW_GRDH_1SDV_20210607T214417_20210607T214442_027256_034175_5E1F,sentinel1,svobodny,flood_2021_08_zeya,pre,
2021-05-25,2021-05-25T02:33:30,,,,20210525T022551_20210525T022550_T52UDB,sentinel2,svobodny,flood_2021_08_zeya,pre,55.350219
2021-06-07,2021-06-07T02:43:12,,,,20210607T023551_20210607T024201_T52UDC,sentinel2,svobodny,flood_2021_08_zeya,pre,3.036417
2021-06-07,2021-06-07T02:43:27,,,,20210607T023551_20210607T024201_T52UDB,sentinel2,svobodny,flood_2021_08_zeya,pre,8.051619
2021-06-09,2021-06-09T02:33:16,,,,20210609T022549_20210609T022550_T52UDC,sentinel2,svobodny,flood_2021_08_zeya,pre,59.508671
2021-08-06,2021-08-06T21:44:20,DESCENDING,B,105.0,S1B_IW_GRDH_1SDV_20210806T214420_20210806T214445_028131_035B25_157A,sentinel1,svobodny,flood_2021_08_zeya,peak,
2021-08-13,2021-08-13T21:36:17,DESCENDING,B,32.0,S1B_IW_GRDH_1SDV_20210813T213617_20210813T213642_028233_035E43_40D8,sentinel1,svobodny,flood_2021_08_zeya,peak,
2021-08-06,2021-08-06T02:43:29,,,,20210806T023551_20210806T024203_T52UDB,sentinel2,svobodny,flood_2021_08_zeya,peak,42.980968
2021-08-11,2021-08-11T02:43:12,,,,20210811T023549_20210811T023549_T52UDC,sentinel2,svobodny,flood_2021_08_zeya,peak,8.251792
2021-08-11,2021-08-11T02:43:27,,,,20210811T023549_20210811T023549_T52UDB,sentinel2,svobodny,flood_2021_08_zeya,peak,29.10172
2021-08-13,2021-08-13T02:33:21,,,,20210813T022551_20210813T023312_T52UDC,sentinel2,svobodny,flood_2021_08_zeya,peak,4.152463
2021-08-13,2021-08-13T02:33:32,,,,20210813T022551_20210813T023312_T52UDB,sentinel2,svobodny,flood_2021_08_zeya,peak,8.2482
2021-08-16,2021-08-16T02:43:14,,,,20210816T023551_20210816T023551_T52UDC,sentinel2,svobodny,flood_2021_08_zeya,peak,4.983547
2021-08-16,2021-08-16T02:43:28,,,,20210816T023551_20210816T023551_T52UDB,sentinel2,svobodny,flood_2021_08_zeya,peak,0.300231
2021-09-06,2021-09-06T21:36:18,DESCENDING,B,32.0,S1B_IW_GRDH_1SDV_20210906T213618_20210906T213643_028583_036939_4202,sentinel1,svobodny,flood_2021_08_zeya,post,
2021-09-09,2021-09-09T09:19:30,ASCENDING,A,156.0,S1A_IW_GRDH_1SDV_20210909T091930_20210909T091955_039603_04AE6D_C6A2,sentinel1,svobodny,flood_2021_08_zeya,post,
2021-09-10,2021-09-10T09:10:51,ASCENDING,B,83.0,S1B_IW_GRDH_1SDV_20210910T091051_20210910T091116_028634_036AD9_06D0,sentinel1,svobodny,flood_2021_08_zeya,post,
2021-09-11,2021-09-11T21:44:22,DESCENDING,B,105.0,S1B_IW_GRDH_1SDV_20210911T214422_20210911T214447_028656_036B85_C461,sentinel1,svobodny,flood_2021_08_zeya,post,
2021-09-12,2021-09-12T21:37:01,DESCENDING,A,32.0,S1A_IW_GRDH_1SDV_20210912T213701_20210912T213731_039654_04B043_13A9,sentinel1,svobodny,flood_2021_08_zeya,post,
2021-09-18,2021-09-18T21:36:19,DESCENDING,B,32.0,S1B_IW_GRDH_1SDV_20210918T213619_20210918T213644_028758_036E96_65E7,sentinel1,svobodny,flood_2021_08_zeya,post,
2021-09-23,2021-09-23T21:44:22,DESCENDING,B,105.0,S1B_IW_GRDH_1SDV_20210923T214422_20210923T214447_028831_0370DB_CDAF,sentinel1,svobodny,flood_2021_08_zeya,post,
2021-09-05,2021-09-05T02:43:12,,,,20210905T023551_20210905T024153_T52UDC,sentinel2,svobodny,flood_2021_08_zeya,post,47.951859
2021-09-05,2021-09-05T02:43:27,,,,20210905T023551_20210905T024153_T52UDB,sentinel2,svobodny,flood_2021_08_zeya,post,12.152919
2021-09-12,2021-09-12T02:33:15,,,,20210912T022551_20210912T023227_T52UDC,sentinel2,svobodny,flood_2021_08_zeya,post,0.849053
2021-09-12,2021-09-12T02:33:30,,,,20210912T022551_20210912T023227_T52UDB,sentinel2,svobodny,flood_2021_08_zeya,post,0.346788
2021-09-15,2021-09-15T02:43:13,,,,20210915T023551_20210915T023550_T52UDC,sentinel2,svobodny,flood_2021_08_zeya,post,33.014618
2021-09-17,2021-09-17T02:33:25,,,,20210917T022549_20210917T022545_T52UDB,sentinel2,svobodny,flood_2021_08_zeya,post,32.854649
2021-09-20,2021-09-20T02:43:09,,,,20210920T023549_20210920T023545_T52UDC,sentinel2,svobodny,flood_2021_08_zeya,post,0.000335
2021-09-20,2021-09-20T02:43:23,,,,20210920T023549_20210920T023545_T52UDB,sentinel2,svobodny,flood_2021_08_zeya,post,5.6e-05
2021-09-22,2021-09-22T02:33:17,,,,20210922T022551_20210922T023225_T52UDC,sentinel2,svobodny,flood_2021_08_zeya,post,5.283395
2021-09-22,2021-09-22T02:33:32,,,,20210922T022551_20210922T023225_T52UDB,sentinel2,svobodny,flood_2021_08_zeya,post,38.683333
2022-06-17,2022-06-17T02:43:34,,,,20220617T023529_20220617T024258_T52UCB,sentinel2,blagoveshchensk,flood_2022_08_amur,pre,22.584994
2022-06-17,2022-06-17T02:43:36,,,,20220617T023529_20220617T024258_T51UYS,sentinel2,blagoveshchensk,flood_2022_08_amur,pre,19.815968
2022-06-17,2022-06-17T02:43:49,,,,20220617T023529_20220617T024258_T52UCA,sentinel2,blagoveshchensk,flood_2022_08_amur,pre,37.010959
2022-06-17,2022-06-17T02:43:50,,,,20220617T023529_20220617T024258_T51UYR,sentinel2,blagoveshchensk,flood_2022_08_amur,pre,22.968785
2022-06-19,2022-06-19T02:33:55,,,,20220619T022541_20220619T023232_T52UDA,sentinel2,blagoveshchensk,flood_2022_08_amur,pre,1.876752
2022-06-19,2022-06-19T02:33:59,,,,20220619T022541_20220619T023232_T52UCA,sentinel2,blagoveshchensk,flood_2022_08_amur,pre,0.628449
2022-06-19,2022-06-19T02:34:03,,,,20220619T022541_20220619T023232_T51UYR,sentinel2,blagoveshchensk,flood_2022_08_amur,pre,3.31625
2022-06-22,2022-06-22T02:43:52,,,,20220622T023601_20220622T024318_T52UDA,sentinel2,blagoveshchensk,flood_2022_08_amur,pre,23.386039
2022-06-22,2022-06-22T02:43:57,,,,20220622T023601_20220622T024318_T52UCA,sentinel2,blagoveshchensk,flood_2022_08_amur,pre,17.132403
2022-06-22,2022-06-22T02:43:59,,,,20220622T023601_20220622T024318_T51UYR,sentinel2,blagoveshchensk,flood_2022_08_amur,pre,6.628668
2022-06-29,2022-06-29T02:33:56,,,,20220629T022541_20220629T023233_T52UDA,sentinel2,blagoveshchensk,flood_2022_08_amur,pre,30.192006
2022-06-29,2022-06-29T02:34:00,,,,20220629T022541_20220629T023233_T52UCA,sentinel2,blagoveshchensk,flood_2022_08_amur,pre,20.323139
2022-06-29,2022-06-29T02:34:05,,,,20220629T022541_20220629T023233_T51UYR,sentinel2,blagoveshchensk,flood_2022_08_amur,pre,27.081716
2022-07-02,2022-07-02T02:43:43,,,,20220702T023541_20220702T024257_T52UCB,sentinel2,blagoveshchensk,flood_2022_08_amur,pre,53.664523
2022-07-02,2022-07-02T02:43:45,,,,20220702T023541_20220702T024257_T51UYS,sentinel2,blagoveshchensk,flood_2022_08_amur,pre,51.303959
2022-07-02,2022-07-02T02:43:53,,,,20220702T023541_20220702T024257_T52UDA,sentinel2,blagoveshchensk,flood_2022_08_amur,pre,18.358423
2022-07-02,2022-07-02T02:43:59,,,,20220702T023541_20220702T024257_T51UYR,sentinel2,blagoveshchensk,flood_2022_08_amur,pre,51.917714
2022-07-04,2022-07-04T02:33:48,,,,20220704T022539_20220704T023236_T52UDA,sentinel2,blagoveshchensk,flood_2022_08_amur,pre,9.346989
2022-07-04,2022-07-04T02:33:52,,,,20220704T022539_20220704T023236_T52UCA,sentinel2,blagoveshchensk,flood_2022_08_amur,pre,6.270552
2022-07-04,2022-07-04T02:33:57,,,,20220704T022539_20220704T023236_T51UYR,sentinel2,blagoveshchensk,flood_2022_08_amur,pre,10.415678
2022-08-06,2022-08-06T02:43:35,,,,20220806T023529_20220806T024259_T52UCB,sentinel2,blagoveshchensk,flood_2022_08_amur,peak,1.179638
2022-08-06,2022-08-06T02:43:36,,,,20220806T023529_20220806T024259_T51UYS,sentinel2,blagoveshchensk,flood_2022_08_amur,peak,0.320122
2022-08-06,2022-08-06T02:43:44,,,,20220806T023529_20220806T024259_T52UDA,sentinel2,blagoveshchensk,flood_2022_08_amur,peak,19.783573
2022-08-06,2022-08-06T02:43:49,,,,20220806T023529_20220806T024259_T52UCA,sentinel2,blagoveshchensk,flood_2022_08_amur,peak,0.022916
2022-08-06,2022-08-06T02:43:51,,,,20220806T023529_20220806T024259_T51UYR,sentinel2,blagoveshchensk,flood_2022_08_amur,peak,0.001105
2022-08-08,2022-08-08T02:33:55,,,,20220808T022541_20220808T023232_T52UDA,sentinel2,blagoveshchensk,flood_2022_08_amur,peak,34.026122
2022-08-08,2022-08-08T02:33:59,,,,20220808T022541_20220808T023232_T52UCA,sentinel2,blagoveshchensk,flood_2022_08_amur,peak,45.028618
2022-08-11,2022-08-11T02:43:42,,,,20220811T023601_20220811T024318_T52UCB,sentinel2,blagoveshchensk,flood_2022_08_amur,peak,31.744799
2022-08-11,2022-08-11T02:43:44,,,,20220811T023601_20220811T024318_T51UYS,sentinel2,blagoveshchensk,flood_2022_08_amur,peak,34.476268
2022-08-13,2022-08-13T02:33:47,,,,20220813T022529_20220813T023234_T52UDA,sentinel2,blagoveshchensk,flood_2022_08_amur,peak,56.027442
2022-08-13,2022-08-13T02:33:51,,,,20220813T022529_20220813T023234_T52UCA,sentinel2,blagoveshchensk,flood_2022_08_amur,peak,55.997092
2022-08-16,2022-08-16T02:43:33,,,,20220816T023529_20220816T024257_T52UCB,sentinel2,blagoveshchensk,flood_2022_08_amur,peak,0.143288
2022-08-16,2022-08-16T02:43:35,,,,20220816T023529_20220816T024257_T51UYS,sentinel2,blagoveshchensk,flood_2022_08_amur,peak,0.048228
2022-08-16,2022-08-16T02:43:42,,,,20220816T023529_20220816T024257_T52UDA,sentinel2,blagoveshchensk,flood_2022_08_amur,peak,2.001474
2022-08-16,2022-08-16T02:43:47,,,,20220816T023529_20220816T024257_T52UCA,sentinel2,blagoveshchensk,flood_2022_08_amur,peak,1.262718
2022-08-16,2022-08-16T02:43:49,,,,20220816T023529_20220816T024257_T51UYR,sentinel2,blagoveshchensk,flood_2022_08_amur,peak,1.169714
2022-09-02,2022-09-02T02:33:44,,,,20220902T022529_20220902T023232_T52UDA,sentinel2,blagoveshchensk,flood_2022_08_amur,post,5.6e-05
2022-09-02,2022-09-02T02:33:48,,,,20220902T022529_20220902T023232_T52UCA,sentinel2,blagoveshchensk,flood_2022_08_amur,post,0.001828
2022-09-02,2022-09-02T02:33:53,,,,20220902T022529_20220902T023232_T51UYR,sentinel2,blagoveshchensk,flood_2022_08_amur,post,0.000122
2022-09-10,2022-09-10T02:43:41,,,,20220910T023541_20220910T024121_T52UCB,sentinel2,blagoveshchensk,flood_2022_08_amur,post,12.54954
2022-09-10,2022-09-10T02:43:43,,,,20220910T023541_20220910T024121_T51UYS,sentinel2,blagoveshchensk,flood_2022_08_amur,post,6.953344
2022-09-10,2022-09-10T02:43:51,,,,20220910T023541_20220910T024121_T52UDA,sentinel2,blagoveshchensk,flood_2022_08_amur,post,13.829729
2022-09-10,2022-09-10T02:43:56,,,,20220910T023541_20220910T024121_T52UCA,sentinel2,blagoveshchensk,flood_2022_08_amur,post,3.815173
2022-09-10,2022-09-10T02:43:57,,,,20220910T023541_20220910T024121_T51UYR,sentinel2,blagoveshchensk,flood_2022_08_amur,post,0.466256
2022-09-15,2022-09-15T02:43:42,,,,20220915T023529_20220915T024256_T52UDA,sentinel2,blagoveshchensk,flood_2022_08_amur,post,29.32874
2022-09-15,2022-09-15T02:43:47,,,,20220915T023529_20220915T024256_T52UCA,sentinel2,blagoveshchensk,flood_2022_08_amur,post,34.198648
2022-09-15,2022-09-15T02:43:48,,,,20220915T023529_20220915T024256_T51UYR,sentinel2,blagoveshchensk,flood_2022_08_amur,post,28.223771
2022-09-17,2022-09-17T02:33:52,,,,20220917T022541_20220917T023229_T52UDA,sentinel2,blagoveshchensk,flood_2022_08_amur,post,45.705795
2022-09-20,2022-09-20T02:43:38,,,,20220920T023541_20220920T024252_T52UCB,sentinel2,blagoveshchensk,flood_2022_08_amur,post,0.000219
2022-09-20,2022-09-20T02:43:40,,,,20220920T023541_20220920T024252_T51UYS,sentinel2,blagoveshchensk,flood_2022_08_amur,post,7.3e-05
2022-09-20,2022-09-20T02:43:48,,,,20220920T023541_20220920T024252_T52UDA,sentinel2,blagoveshchensk,flood_2022_08_amur,post,0.111817
2022-09-20,2022-09-20T02:43:53,,,,20220920T023541_20220920T024252_T52UCA,sentinel2,blagoveshchensk,flood_2022_08_amur,post,0.000488
2022-09-20,2022-09-20T02:43:54,,,,20220920T023541_20220920T024252_T51UYR,sentinel2,blagoveshchensk,flood_2022_08_amur,post,1e-05
2022-06-17,2022-06-17T02:43:16,,,,20220617T023529_20220617T024258_T52UDC,sentinel2,svobodny,flood_2022_08_amur,pre,39.203298
2022-06-19,2022-06-19T02:33:26,,,,20220619T022541_20220619T023232_T52UDC,sentinel2,svobodny,flood_2022_08_amur,pre,22.926897
2022-06-19,2022-06-19T02:33:41,,,,20220619T022541_20220619T023232_T52UDB,sentinel2,svobodny,flood_2022_08_amur,pre,6.701999
2022-06-24,2022-06-24T02:33:19,,,,20220624T022539_20220624T023236_T52UDC,sentinel2,svobodny,flood_2022_08_amur,pre,45.828027
2022-06-24,2022-06-24T02:33:34,,,,20220624T022539_20220624T023236_T52UDB,sentinel2,svobodny,flood_2022_08_amur,pre,58.280635
2022-06-29,2022-06-29T02:33:27,,,,20220629T022541_20220629T023233_T52UDC,sentinel2,svobodny,flood_2022_08_amur,pre,29.8457
2022-06-29,2022-06-29T02:33:42,,,,20220629T022541_20220629T023233_T52UDB,sentinel2,svobodny,flood_2022_08_amur,pre,21.084653
2022-07-02,2022-07-02T02:43:25,,,,20220702T023541_20220702T024257_T52UDC,sentinel2,svobodny,flood_2022_08_amur,pre,47.524357
2022-07-02,2022-07-02T02:43:39,,,,20220702T023541_20220702T024257_T52UDB,sentinel2,svobodny,flood_2022_08_amur,pre,22.037435
2022-07-04,2022-07-04T02:33:20,,,,20220704T022539_20220704T023236_T52UDC,sentinel2,svobodny,flood_2022_08_amur,pre,9.284735
2022-07-04,2022-07-04T02:33:34,,,,20220704T022539_20220704T023236_T52UDB,sentinel2,svobodny,flood_2022_08_amur,pre,24.56888
2022-08-06,2022-08-06T02:43:16,,,,20220806T023529_20220806T024259_T52UDC,sentinel2,svobodny,flood_2022_08_amur,peak,51.074135
2022-08-06,2022-08-06T02:43:30,,,,20220806T023529_20220806T024259_T52UDB,sentinel2,svobodny,flood_2022_08_amur,peak,30.852741
2022-08-08,2022-08-08T02:33:41,,,,20220808T022541_20220808T023232_T52UDB,sentinel2,svobodny,flood_2022_08_amur,peak,51.246691
2022-08-11,2022-08-11T02:43:38,,,,20220811T023601_20220811T024318_T52UDB,sentinel2,svobodny,flood_2022_08_amur,peak,44.181278
2022-08-13,2022-08-13T02:33:18,,,,20220813T022529_20220813T023234_T52UDC,sentinel2,svobodny,flood_2022_08_amur,peak,48.802724
2022-08-16,2022-08-16T02:43:14,,,,20220816T023529_20220816T024257_T52UDC,sentinel2,svobodny,flood_2022_08_amur,peak,0.490891
2022-08-16,2022-08-16T02:43:29,,,,20220816T023529_20220816T024257_T52UDB,sentinel2,svobodny,flood_2022_08_amur,peak,0.44192
2022-09-02,2022-09-02T02:33:16,,,,20220902T022529_20220902T023232_T52UDC,sentinel2,svobodny,flood_2022_08_amur,post,0.497157
2022-09-02,2022-09-02T02:33:30,,,,20220902T022529_20220902T023232_T52UDB,sentinel2,svobodny,flood_2022_08_amur,post,6.7e-05
2022-09-10,2022-09-10T02:43:23,,,,20220910T023541_20220910T024121_T52UDC,sentinel2,svobodny,flood_2022_08_amur,post,9.967558
2022-09-10,2022-09-10T02:43:37,,,,20220910T023541_20220910T024121_T52UDB,sentinel2,svobodny,flood_2022_08_amur,post,20.709454
2022-09-20,2022-09-20T02:43:20,,,,20220920T023541_20220920T024252_T52UDC,sentinel2,svobodny,flood_2022_08_amur,post,0.096606
2022-09-20,2022-09-20T02:43:34,,,,20220920T023541_20220920T024252_T52UDB,sentinel2,svobodny,flood_2022_08_amur,post,0.212683
2022-06-17,2022-06-17T02:43:49,,,,20220617T023529_20220617T024258_T52UCA,sentinel2,konstantinovka,flood_2022_08_amur,pre,37.010959
2022-06-17,2022-06-17T02:44:03,,,,20220617T023529_20220617T024258_T52UCV,sentinel2,konstantinovka,flood_2022_08_amur,pre,35.891733
2022-06-19,2022-06-19T02:33:55,,,,20220619T022541_20220619T023232_T52UDA,sentinel2,konstantinovka,flood_2022_08_amur,pre,1.876752
2022-06-19,2022-06-19T02:33:59,,,,20220619T022541_20220619T023232_T52UCA,sentinel2,konstantinovka,flood_2022_08_amur,pre,0.628449
2022-06-19,2022-06-19T02:34:09,,,,20220619T022541_20220619T023232_T52UDV,sentinel2,konstantinovka,flood_2022_08_amur,pre,0.318824
2022-06-19,2022-06-19T02:34:13,,,,20220619T022541_20220619T023232_T52UCV,sentinel2,konstantinovka,flood_2022_08_amur,pre,4.43618
2022-06-22,2022-06-22T02:43:52,,,,20220622T023601_20220622T024318_T52UDA,sentinel2,konstantinovka,flood_2022_08_amur,pre,23.386039
2022-06-22,2022-06-22T02:43:57,,,,20220622T023601_20220622T024318_T52UCA,sentinel2,konstantinovka,flood_2022_08_amur,pre,17.132403
2022-06-22,2022-06-22T02:44:11,,,,20220622T023601_20220622T024318_T52UCV,sentinel2,konstantinovka,flood_2022_08_amur,pre,9.116931
2022-06-29,2022-06-29T02:33:56,,,,20220629T022541_20220629T023233_T52UDA,sentinel2,konstantinovka,flood_2022_08_amur,pre,30.192006
2022-06-29,2022-06-29T02:34:00,,,,20220629T022541_20220629T023233_T52UCA,sentinel2,konstantinovka,flood_2022_08_amur,pre,20.323139
2022-06-29,2022-06-29T02:34:11,,,,20220629T022541_20220629T023233_T52UDV,sentinel2,konstantinovka,flood_2022_08_amur,pre,49.065638
2022-06-29,2022-06-29T02:34:14,,,,20220629T022541_20220629T023233_T52UCV,sentinel2,konstantinovka,flood_2022_08_amur,pre,46.919507
2022-07-02,2022-07-02T02:43:53,,,,20220702T023541_20220702T024257_T52UDA,sentinel2,konstantinovka,flood_2022_08_amur,pre,18.358423
2022-07-04,2022-07-04T02:33:48,,,,20220704T022539_20220704T023236_T52UDA,sentinel2,konstantinovka,flood_2022_08_amur,pre,9.346989
2022-07-04,2022-07-04T02:33:52,,,,20220704T022539_20220704T023236_T52UCA,sentinel2,konstantinovka,flood_2022_08_amur,pre,6.270552
2022-07-04,2022-07-04T02:34:03,,,,20220704T022539_20220704T023236_T52UDV,sentinel2,konstantinovka,flood_2022_08_amur,pre,11.54479
2022-07-04,2022-07-04T02:34:07,,,,20220704T022539_20220704T023236_T52UCV,sentinel2,konstantinovka,flood_2022_08_amur,pre,24.210256
2022-08-06,2022-08-06T02:43:44,,,,20220806T023529_20220806T024259_T52UDA,sentinel2,konstantinovka,flood_2022_08_amur,peak,19.783573
2022-08-06,2022-08-06T02:43:49,,,,20220806T023529_20220806T024259_T52UCA,sentinel2,konstantinovka,flood_2022_08_amur,peak,0.022916
2022-08-06,2022-08-06T02:43:58,,,,20220806T023529_20220806T024259_T52UDV,sentinel2,konstantinovka,flood_2022_08_amur,peak,3.289629
2022-08-06,2022-08-06T02:44:04,,,,20220806T023529_20220806T024259_T52UCV,sentinel2,konstantinovka,flood_2022_08_amur,peak,0.780196
2022-08-08,2022-08-08T02:33:55,,,,20220808T022541_20220808T023232_T52UDA,sentinel2,konstantinovka,flood_2022_08_amur,peak,34.026122
2022-08-08,2022-08-08T02:33:59,,,,20220808T022541_20220808T023232_T52UCA,sentinel2,konstantinovka,flood_2022_08_amur,peak,45.028618
2022-08-08,2022-08-08T02:34:09,,,,20220808T022541_20220808T023232_T52UDV,sentinel2,konstantinovka,flood_2022_08_amur,peak,2.530071
2022-08-08,2022-08-08T02:34:13,,,,20220808T022541_20220808T023232_T52UCV,sentinel2,konstantinovka,flood_2022_08_amur,peak,10.683665
2022-08-13,2022-08-13T02:33:47,,,,20220813T022529_20220813T023234_T52UDA,sentinel2,konstantinovka,flood_2022_08_amur,peak,56.027442
2022-08-13,2022-08-13T02:33:51,,,,20220813T022529_20220813T023234_T52UCA,sentinel2,konstantinovka,flood_2022_08_amur,peak,55.997092
2022-08-16,2022-08-16T02:43:42,,,,20220816T023529_20220816T024257_T52UDA,sentinel2,konstantinovka,flood_2022_08_amur,peak,2.001474
2022-08-16,2022-08-16T02:43:47,,,,20220816T023529_20220816T024257_T52UCA,sentinel2,konstantinovka,flood_2022_08_amur,peak,1.262718
2022-08-16,2022-08-16T02:43:57,,,,20220816T023529_20220816T024257_T52UDV,sentinel2,konstantinovka,flood_2022_08_amur,peak,15.951854
2022-08-16,2022-08-16T02:44:01,,,,20220816T023529_20220816T024257_T52UCV,sentinel2,konstantinovka,flood_2022_08_amur,peak,3.612543
2022-09-02,2022-09-02T02:33:44,,,,20220902T022529_20220902T023232_T52UDA,sentinel2,konstantinovka,flood_2022_08_amur,post,5.6e-05
2022-09-02,2022-09-02T02:33:48,,,,20220902T022529_20220902T023232_T52UCA,sentinel2,konstantinovka,flood_2022_08_amur,post,0.001828
2022-09-02,2022-09-02T02:33:59,,,,20220902T022529_20220902T023232_T52UDV,sentinel2,konstantinovka,flood_2022_08_amur,post,2.7e-05
2022-09-02,2022-09-02T02:34:03,,,,20220902T022529_20220902T023232_T52UCV,sentinel2,konstantinovka,flood_2022_08_amur,post,0.000848
2022-09-10,2022-09-10T02:43:51,,,,20220910T023541_20220910T024121_T52UDA,sentinel2,konstantinovka,flood_2022_08_amur,post,13.829729
2022-09-10,2022-09-10T02:43:56,,,,20220910T023541_20220910T024121_T52UCA,sentinel2,konstantinovka,flood_2022_08_amur,post,3.815173
2022-09-10,2022-09-10T02:44:05,,,,20220910T023541_20220910T024121_T52UDV,sentinel2,konstantinovka,flood_2022_08_amur,post,0.001143
2022-09-10,2022-09-10T02:44:10,,,,20220910T023541_20220910T024121_T52UCV,sentinel2,konstantinovka,flood_2022_08_amur,post,0.002313
2022-09-15,2022-09-15T02:43:42,,,,20220915T023529_20220915T024256_T52UDA,sentinel2,konstantinovka,flood_2022_08_amur,post,29.32874
2022-09-15,2022-09-15T02:43:47,,,,20220915T023529_20220915T024256_T52UCA,sentinel2,konstantinovka,flood_2022_08_amur,post,34.198648
2022-09-15,2022-09-15T02:44:01,,,,20220915T023529_20220915T024256_T52UCV,sentinel2,konstantinovka,flood_2022_08_amur,post,45.104784
2022-09-17,2022-09-17T02:33:52,,,,20220917T022541_20220917T023229_T52UDA,sentinel2,konstantinovka,flood_2022_08_amur,post,45.705795
2022-09-20,2022-09-20T02:43:48,,,,20220920T023541_20220920T024252_T52UDA,sentinel2,konstantinovka,flood_2022_08_amur,post,0.111817
2022-09-20,2022-09-20T02:43:53,,,,20220920T023541_20220920T024252_T52UCA,sentinel2,konstantinovka,flood_2022_08_amur,post,0.000488
2022-09-20,2022-09-20T02:44:02,,,,20220920T023541_20220920T024252_T52UDV,sentinel2,konstantinovka,flood_2022_08_amur,post,0.036651
2022-09-20,2022-09-20T02:44:07,,,,20220920T023541_20220920T024252_T52UCV,sentinel2,konstantinovka,flood_2022_08_amur,post,0.0
2026-07-01,2026-07-01T21:35:54,DESCENDING,C,32.0,S1C_IW_GRDH_1SDV_20260701T213554_20260701T213619_008355_01088E_EF1D,sentinel1,blagoveshchensk,flood_2026_08_amur,pre,
2026-07-01,2026-07-01T21:36:19,DESCENDING,C,32.0,S1C_IW_GRDH_1SDV_20260701T213619_20260701T213644_008355_01088E_FEF2,sentinel1,blagoveshchensk,flood_2026_08_amur,pre,
2026-07-06,2026-07-06T21:44:23,DESCENDING,C,105.0,S1C_IW_GRDH_1SDV_20260706T214423_20260706T214448_008428_010ACE_C016,sentinel1,blagoveshchensk,flood_2026_08_amur,pre,
2026-07-13,2026-07-13T21:35:55,DESCENDING,C,32.0,S1C_IW_GRDH_1SDV_20260713T213555_20260713T213620_008530_010E39_2A16,sentinel1,blagoveshchensk,flood_2026_08_amur,pre,
2026-07-13,2026-07-13T21:36:20,DESCENDING,C,32.0,S1C_IW_GRDH_1SDV_20260713T213620_20260713T213645_008530_010E39_14FB,sentinel1,blagoveshchensk,flood_2026_08_amur,pre,
2026-06-26,2026-06-26T02:43:28,,,,20260626T023529_20260626T023526_T52UCB,sentinel2,blagoveshchensk,flood_2026_08_amur,pre,24.956821
2026-06-26,2026-06-26T02:43:30,,,,20260626T023529_20260626T023526_T51UYS,sentinel2,blagoveshchensk,flood_2026_08_amur,pre,19.084217
2026-06-26,2026-06-26T02:43:38,,,,20260626T023529_20260626T023526_T52UDA,sentinel2,blagoveshchensk,flood_2026_08_amur,pre,16.581745
2026-06-26,2026-06-26T02:43:43,,,,20260626T023529_20260626T023526_T52UCA,sentinel2,blagoveshchensk,flood_2026_08_amur,pre,6.410075
2026-06-26,2026-06-26T02:43:44,,,,20260626T023529_20260626T023526_T51UYR,sentinel2,blagoveshchensk,flood_2026_08_amur,pre,5.730956
2026-06-28,2026-06-28T02:33:42,,,,20260628T022531_20260628T022529_T52UDA,sentinel2,blagoveshchensk,flood_2026_08_amur,pre,6.989755
2026-06-28,2026-06-28T02:33:46,,,,20260628T022531_20260628T022529_T52UCA,sentinel2,blagoveshchensk,flood_2026_08_amur,pre,5.279655
2026-06-28,2026-06-28T02:33:51,,,,20260628T022531_20260628T022529_T51UYR,sentinel2,blagoveshchensk,flood_2026_08_amur,pre,18.210633
2026-07-01,2026-07-01T02:43:45,,,,20260701T023531_20260701T023526_T51UYR,sentinel2,blagoveshchensk,flood_2026_08_amur,pre,59.496903
2026-07-13,2026-07-13T02:33:51,,,,20260713T022529_20260713T022530_T51UYR,sentinel2,blagoveshchensk,flood_2026_08_amur,pre,18.80841
2026-07-13,2026-07-13T02:43:46,,,,20260713T024141_20260713T024144_T52UCB,sentinel2,blagoveshchensk,flood_2026_08_amur,pre,49.268332
2026-07-13,2026-07-13T02:43:48,,,,20260713T024141_20260713T024144_T51UYS,sentinel2,blagoveshchensk,flood_2026_08_amur,pre,32.739723
2026-07-13,2026-07-13T02:44:01,,,,20260713T024141_20260713T024144_T52UCA,sentinel2,blagoveshchensk,flood_2026_08_amur,pre,29.468113
2026-07-13,2026-07-13T02:44:02,,,,20260713T024141_20260713T024144_T51UYR,sentinel2,blagoveshchensk,flood_2026_08_amur,pre,15.197577
2026-08-23,2026-08-23T21:44:26,DESCENDING,C,105.0,S1C_IW_GRDH_1SDV_20260823T214426_20260823T214451_009128_0121F9_4756,sentinel1,blagoveshchensk,flood_2026_08_amur,peak,
2026-08-15,2026-08-15T02:43:28,,,,20260815T023529_20260815T023525_T52UCB,sentinel2,blagoveshchensk,flood_2026_08_amur,peak,0.55252
2026-08-15,2026-08-15T02:43:30,,,,20260815T023529_20260815T023525_T51UYS,sentinel2,blagoveshchensk,flood_2026_08_amur,peak,1.44753
2026-08-15,2026-08-15T02:43:37,,,,20260815T023529_20260815T023525_T52UDA,sentinel2,blagoveshchensk,flood_2026_08_amur,peak,2.666009
2026-08-15,2026-08-15T02:43:42,,,,20260815T023529_20260815T023525_T52UCA,sentinel2,blagoveshchensk,flood_2026_08_amur,peak,0.07493
2026-08-15,2026-08-15T02:43:44,,,,20260815T023529_20260815T023525_T51UYR,sentinel2,blagoveshchensk,flood_2026_08_amur,peak,0.262567
2026-08-22,2026-08-22T02:33:48,,,,20260822T022529_20260822T022526_T51UYR,sentinel2,blagoveshchensk,flood_2026_08_amur,peak,36.387837
2026-07-01,2026-07-01T21:35:54,DESCENDING,C,32.0,S1C_IW_GRDH_1SDV_20260701T213554_20260701T213619_008355_01088E_EF1D,sentinel1,svobodny,flood_2026_08_amur,pre,
2026-07-06,2026-07-06T21:43:58,DESCENDING,C,105.0,S1C_IW_GRDH_1SDV_20260706T214358_20260706T214423_008428_010ACE_2092,sentinel1,svobodny,flood_2026_08_amur,pre,
2026-07-13,2026-07-13T21:35:55,DESCENDING,C,32.0,S1C_IW_GRDH_1SDV_20260713T213555_20260713T213620_008530_010E39_2A16,sentinel1,svobodny,flood_2026_08_amur,pre,
2026-06-28,2026-06-28T02:33:13,,,,20260628T022531_20260628T022529_T52UDC,sentinel2,svobodny,flood_2026_08_amur,pre,9.402138
2026-06-28,2026-06-28T02:33:28,,,,20260628T022531_20260628T022529_T52UDB,sentinel2,svobodny,flood_2026_08_amur,pre,5.468135
2026-07-01,2026-07-01T02:43:10,,,,20260701T023531_20260701T023526_T52UDC,sentinel2,svobodny,flood_2026_08_amur,pre,22.922386
2026-07-01,2026-07-01T02:43:24,,,,20260701T023531_20260701T023526_T52UDB,sentinel2,svobodny,flood_2026_08_amur,pre,28.605115
2026-07-11,2026-07-11T02:43:12,,,,20260711T023531_20260711T023528_T52UDC,sentinel2,svobodny,flood_2026_08_amur,pre,47.062248
2026-08-23,2026-08-23T21:44:01,DESCENDING,C,105.0,S1C_IW_GRDH_1SDV_20260823T214401_20260823T214426_009128_0121F9_9D23,sentinel1,svobodny,flood_2026_08_amur,peak,
2026-08-15,2026-08-15T02:43:09,,,,20260815T023529_20260815T023525_T52UDC,sentinel2,svobodny,flood_2026_08_amur,peak,0.118304
2026-08-15,2026-08-15T02:43:24,,,,20260815T023529_20260815T023525_T52UDB,sentinel2,svobodny,flood_2026_08_amur,peak,0.124309
2026-08-17,2026-08-17T02:33:12,,,,20260817T022531_20260817T022528_T52UDC,sentinel2,svobodny,flood_2026_08_amur,peak,24.991094
2026-08-22,2026-08-22T02:33:25,,,,20260822T022529_20260822T022526_T52UDB,sentinel2,svobodny,flood_2026_08_amur,peak,57.936698
2026-07-01,2026-07-01T21:36:19,DESCENDING,C,32.0,S1C_IW_GRDH_1SDV_20260701T213619_20260701T213644_008355_01088E_FEF2,sentinel1,konstantinovka,flood_2026_08_amur,pre,
2026-07-06,2026-07-06T21:44:23,DESCENDING,C,105.0,S1C_IW_GRDH_1SDV_20260706T214423_20260706T214448_008428_010ACE_C016,sentinel1,konstantinovka,flood_2026_08_amur,pre,
2026-07-13,2026-07-13T21:36:20,DESCENDING,C,32.0,S1C_IW_GRDH_1SDV_20260713T213620_20260713T213645_008530_010E39_14FB,sentinel1,konstantinovka,flood_2026_08_amur,pre,
2026-06-26,2026-06-26T02:43:38,,,,20260626T023529_20260626T023526_T52UDA,sentinel2,konstantinovka,flood_2026_08_amur,pre,16.581745
2026-06-26,2026-06-26T02:43:43,,,,20260626T023529_20260626T023526_T52UCA,sentinel2,konstantinovka,flood_2026_08_amur,pre,6.410075
2026-06-26,2026-06-26T02:43:52,,,,20260626T023529_20260626T023526_T52UDV,sentinel2,konstantinovka,flood_2026_08_amur,pre,8.396225
2026-06-26,2026-06-26T02:43:57,,,,20260626T023529_20260626T023526_T52UCV,sentinel2,konstantinovka,flood_2026_08_amur,pre,7.094266
2026-06-28,2026-06-28T02:33:42,,,,20260628T022531_20260628T022529_T52UDA,sentinel2,konstantinovka,flood_2026_08_amur,pre,6.989755
2026-06-28,2026-06-28T02:33:46,,,,20260628T022531_20260628T022529_T52UCA,sentinel2,konstantinovka,flood_2026_08_amur,pre,5.279655
2026-06-28,2026-06-28T02:33:57,,,,20260628T022531_20260628T022529_T52UDV,sentinel2,konstantinovka,flood_2026_08_amur,pre,25.736684
2026-06-28,2026-06-28T02:34:00,,,,20260628T022531_20260628T022529_T52UCV,sentinel2,konstantinovka,flood_2026_08_amur,pre,33.876997
2026-07-01,2026-07-01T02:43:57,,,,20260701T023531_20260701T023526_T52UCV,sentinel2,konstantinovka,flood_2026_08_amur,pre,34.899244
2026-07-10,2026-07-10T02:34:13,,,,20260710T023141_20260710T023136_T52UDV,sentinel2,konstantinovka,flood_2026_08_amur,pre,52.28678
2026-07-10,2026-07-10T02:34:17,,,,20260710T023141_20260710T023136_T52UCV,sentinel2,konstantinovka,flood_2026_08_amur,pre,50.865114
2026-07-13,2026-07-13T02:33:57,,,,20260713T022529_20260713T022530_T52UDV,sentinel2,konstantinovka,flood_2026_08_amur,pre,30.41518
2026-07-13,2026-07-13T02:34:01,,,,20260713T022529_20260713T022530_T52UCV,sentinel2,konstantinovka,flood_2026_08_amur,pre,34.788686
2026-07-13,2026-07-13T02:44:01,,,,20260713T024141_20260713T024144_T52UCA,sentinel2,konstantinovka,flood_2026_08_amur,pre,29.468113
2026-07-13,2026-07-13T02:44:10,,,,20260713T024141_20260713T024144_T52UDV,sentinel2,konstantinovka,flood_2026_08_amur,pre,36.783528
2026-07-13,2026-07-13T02:44:15,,,,20260713T024141_20260713T024144_T52UCV,sentinel2,konstantinovka,flood_2026_08_amur,pre,38.111839
2026-08-23,2026-08-23T21:44:26,DESCENDING,C,105.0,S1C_IW_GRDH_1SDV_20260823T214426_20260823T214451_009128_0121F9_4756,sentinel1,konstantinovka,flood_2026_08_amur,peak,
2026-08-15,2026-08-15T02:43:37,,,,20260815T023529_20260815T023525_T52UDA,sentinel2,konstantinovka,flood_2026_08_amur,peak,2.666009
2026-08-15,2026-08-15T02:43:42,,,,20260815T023529_20260815T023525_T52UCA,sentinel2,konstantinovka,flood_2026_08_amur,peak,0.07493
2026-08-15,2026-08-15T02:43:52,,,,20260815T023529_20260815T023525_T52UDV,sentinel2,konstantinovka,flood_2026_08_amur,peak,0.535347
2026-08-15,2026-08-15T02:43:56,,,,20260815T023529_20260815T023525_T52UCV,sentinel2,konstantinovka,flood_2026_08_amur,peak,0.068437
2026-08-20,2026-08-20T02:43:51,,,,20260820T023531_20260820T023525_T52UDV,sentinel2,konstantinovka,flood_2026_08_amur,peak,51.221436
2026-07-01,2026-07-01T21:36:19,DESCENDING,C,32.0,S1C_IW_GRDH_1SDV_20260701T213619_20260701T213644_008355_01088E_FEF2,sentinel1,poyarkovo,flood_2026_08_amur,pre,
2026-07-06,2026-07-06T21:44:23,DESCENDING,C,105.0,S1C_IW_GRDH_1SDV_20260706T214423_20260706T214448_008428_010ACE_C016,sentinel1,poyarkovo,flood_2026_08_amur,pre,
2026-07-13,2026-07-13T21:36:20,DESCENDING,C,32.0,S1C_IW_GRDH_1SDV_20260713T213620_20260713T213645_008530_010E39_14FB,sentinel1,poyarkovo,flood_2026_08_amur,pre,
2026-06-26,2026-06-26T02:43:38,,,,20260626T023529_20260626T023526_T52UDA,sentinel2,poyarkovo,flood_2026_08_amur,pre,16.581745
2026-06-26,2026-06-26T02:43:52,,,,20260626T023529_20260626T023526_T52UDV,sentinel2,poyarkovo,flood_2026_08_amur,pre,8.396225
2026-06-28,2026-06-28T02:33:42,,,,20260628T022531_20260628T022529_T52UDA,sentinel2,poyarkovo,flood_2026_08_amur,pre,6.989755
2026-06-28,2026-06-28T02:33:57,,,,20260628T022531_20260628T022529_T52UDV,sentinel2,poyarkovo,flood_2026_08_amur,pre,25.736684
2026-07-10,2026-07-10T02:34:13,,,,20260710T023141_20260710T023136_T52UDV,sentinel2,poyarkovo,flood_2026_08_amur,pre,52.28678
2026-07-13,2026-07-13T02:33:57,,,,20260713T022529_20260713T022530_T52UDV,sentinel2,poyarkovo,flood_2026_08_amur,pre,30.41518
2026-07-13,2026-07-13T02:44:10,,,,20260713T024141_20260713T024144_T52UDV,sentinel2,poyarkovo,flood_2026_08_amur,pre,36.783528
2026-08-23,2026-08-23T21:44:26,DESCENDING,C,105.0,S1C_IW_GRDH_1SDV_20260823T214426_20260823T214451_009128_0121F9_4756,sentinel1,poyarkovo,flood_2026_08_amur,peak,
2026-08-15,2026-08-15T02:43:37,,,,20260815T023529_20260815T023525_T52UDA,sentinel2,poyarkovo,flood_2026_08_amur,peak,2.666009
2026-08-15,2026-08-15T02:43:52,,,,20260815T023529_20260815T023525_T52UDV,sentinel2,poyarkovo,flood_2026_08_amur,peak,0.535347
2026-08-20,2026-08-20T02:43:51,,,,20260820T023531_20260820T023525_T52UDV,sentinel2,poyarkovo,flood_2026_08_amur,peak,51.221436
